Orthogroup ID,Species,Mean_dNdS,RateClasses,OmegaOver1,WtOmegaOver1,LRT,p,p_Holm,BranchLength
rooted_phy/ABCK-0019,isca,0.00871523,2,353.798,0.0817947,15.189,0.000170413,0.00153372,1.24085
rooted_phy/ABCL-0021,isca,0.000117778,2,35.7905,0.566503,9.74291,0.00265869,0.0265869,11.38
rooted_phy/ABCL-0024,isca,10,2,11.691,0.318854,17.4273,5.53E-05,0.000552695,0.227939
rooted_phy/ABDR-0006,isca,0.110842,2,49.2937,0.121345,11.2677,0.00123016,0.0110714,2.77564
rooted_phy/ABND-0001,isca,5.20E-05,2,26.7351,0.308207,11.0326,0.00138522,0.0138522,0.434675
rooted_phy/ACFL-0001,isca,0.00394443,2,21.3261,0.268144,11.3997,0.00115084,0.0115084,0.390784
rooted_phy/ACJX-0001,isca,0.0672311,2,8.56462,0.0671594,10.0879,0.00223295,0.0178636,0.590393
rooted_phy/ADJM-0001,isca,6.63E-05,2,555.038,0.362677,12.1322,0.000795192,0.00795192,4.74021
rooted_phy/AHLY-0001,isca,0.0874117,2,1999.2,0.0600238,9.9663,0.0023746,0.023746,23.8947
rooted_phy/AMTN-0001,isca,10,1,1.00E+26,1,8.55216,0.00485934,0.0485934,10.6405
rooted_phy/ABCK-0021,mocc,0.0889614,2,3286.02,0.0385655,10.0022,0.00233183,0.0209865,5.98151
rooted_phy/ABCX-0015,mocc,0.236925,2,10000,0.0461877,10.7297,0.0016143,0.016143,14.7349
rooted_phy/ABDV-0013,mocc,0.0618672,2,37.0764,0.033249,9.2381,0.00343271,0.0274617,0.113127
rooted_phy/ABDV-0015,mocc,0.0335973,2,371.99,0.0184506,9.38175,0.00319191,0.0159596,3.25978
rooted_phy/ABED-0009,mocc,0.111556,2,9.67889,0.10059,11.0374,0.0013819,0.0110552,0.636335
rooted_phy/ABEI-0005,mocc,0.191177,2,1628.6,0.0983114,16.1492,0.000105112,0.000840896,41.1119
rooted_phy/ABIE-0002,mocc,0.0394529,2,29.0983,0.0283333,12.3806,0.000701544,0.00701544,0.336685
rooted_phy/ABIQ-0001,mocc,0.0770467,2,3333.11,0.0836197,23.0572,3.27E-06,3.27E-05,34.7557
rooted_phy/ABIQ-0003,mocc,0.0938576,2,10000,0.0779732,9.58393,0.00288142,0.02017,3.26338
rooted_phy/ABJK-0004,mocc,10,2,34.0467,0.0772798,29.2665,1.45E-07,1.45E-06,0.105038
rooted_phy/ABKO-0001,mocc,0.000170833,2,62.6425,0.604629,14.0969,0.000295357,0.00177214,28.3691
rooted_phy/ABLX-0005,mocc,10,2,16.7868,0.275034,36.1264,4.66E-09,3.73E-08,0.41035
rooted_phy/ABMG-0003,mocc,0.108525,2,39.7631,0.105696,43.0481,1.45E-10,8.72E-10,2.13787
rooted_phy/ABMK-0003,mocc,0.170663,2,3333.11,0.367888,12.177,0.000777417,0.00777417,393.796
rooted_phy/ABPZ-0006,mocc,0.0807011,2,1063.32,0.142286,10.8862,0.00149159,0.00894954,129.638
rooted_phy/ABSK-0002,mocc,0.0415003,2,15.5306,0.033115,20.7279,1.05E-05,0.000105235,0.353581
rooted_phy/ACIY-0002,mocc,0.177952,2,10000,0.0456623,9.47357,0.00304695,0.0274225,3.5712
rooted_phy/ACJT-0001,mocc,10,2,631.127,0.185402,10.674,0.00166037,0.0166037,0.125673
rooted_phy/ACPE-0001,mocc,0.0978597,2,15.5318,0.0271127,12.4196,0.000687852,0.00687852,0.23002
rooted_phy/ACTU-0002,mocc,0.189594,2,3286.02,0.0500524,10.684,0.00165205,0.0132164,5.86245
rooted_phy/ACVB-0002,mocc,0.118792,2,14.2908,0.173232,14.0091,0.000308711,0.00308711,1.31205
rooted_phy/ACYF-0001,mocc,10,2,55.1043,0.0794418,19.3056,2.15E-05,0.000215015,0.148562
rooted_phy/ADEJ-0002,mocc,0.0949722,2,10000,0.0876128,10.7773,0.00157591,0.0126073,23.0375
rooted_phy/AEWC-0001,mocc,10,2,35.3472,0.142156,12.1806,0.000775992,0.00775992,0.180657
rooted_phy/AFVU-0001,mocc,0.728373,2,10000,0.125258,19.3989,2.05E-05,0.000369295,32.8316
rooted_phy/AHIG-0001,mocc,0.148011,2,10000,0.137151,21.2123,8.25E-06,8.25E-05,17.8656
rooted_phy/AHJZ-0001,mocc,0.068425,2,223.858,0.030909,8.67373,0.00456889,0.0456889,0.064535
rooted_phy/AHSP-0001,mocc,0.601536,2,10000,0.041218,8.8009,0.0042837,0.042837,16.1194
rooted_phy/AIBM-0001,mocc,1.14692,2,38.076,0.159421,8.62943,0.00467266,0.0373812,0.243294
rooted_phy/ALXQ-0001,mocc,0.199422,2,1466.48,0.322707,9.81446,0.00256417,0.0128208,366.912
rooted_phy/AWHP-0001,mocc,0.343632,2,3333.44,0.131148,8.8211,0.00424008,0.0424008,23.5097
rooted_phy/ABCG-0013,tmer,0.296834,2,3333.11,0.177626,11.6553,0.00101153,0.0101153,171.751
rooted_phy/ABCI-0038,tmer,0.113654,2,10000,0.162794,14.9535,0.000191868,0.00115121,798.941
rooted_phy/ABCL-0034,tmer,0.0999491,2,10000,0.0980221,12.1796,0.000776399,0.00465839,766.346
rooted_phy/ABCO-0023,tmer,0.0562643,2,10000,0.0245148,8.5237,0.00492997,0.0492997,1.07363
rooted_phy/ABCO-0027,tmer,0.169143,2,3333.11,0.117646,11.0818,0.00135124,0.0135124,231.282
rooted_phy/ABCW-0022,tmer,0.128796,2,10000,0.113101,26.7916,5.02E-07,3.01E-06,239.174
rooted_phy/ABDF-0005,tmer,0.182038,2,1999.2,0.0710672,68.518,4.44E-16,4.44E-15,18.5238
rooted_phy/ABDF-0014,tmer,0.0824788,2,10000,0.133759,28.7309,1.90E-07,1.90E-06,347.962
rooted_phy/ABDI-0005,tmer,0.621276,2,3332.67,0.440763,13.1854,0.000467522,0.00467522,195.737
rooted_phy/ABDI-0014,tmer,0.184407,2,3333.11,0.225967,38.4591,1.45E-09,1.45E-08,358.873
rooted_phy/ABDL-0015,tmer,0.0338907,2,10000,0.0480311,18.1514,3.84E-05,0.000384041,360.378
rooted_phy/ABDR-0002,tmer,0.150486,2,13.0739,0.0772059,16.251,9.99E-05,0.000998654,0.218261
rooted_phy/ABDR-0003,tmer,0.146134,2,45.2409,0.0865574,53.0337,9.80E-13,9.80E-12,1.17596
rooted_phy/ABED-0009,tmer,0.133212,2,8.76981,0.0338093,14.558,0.000234141,0.00234141,0.165079
rooted_phy/ABEO-0003,tmer,0.358391,2,3333.96,0.18291,8.63734,0.00465395,0.0372316,84.2368
rooted_phy/ABEQ-0005,tmer,6.73671,2,75.6347,0.186584,29.3346,1.40E-07,1.40E-06,0.0760788
rooted_phy/ABEQ-0010,tmer,0.144258,2,4946.46,0.0781368,10.7664,0.00158468,0.00950807,35.7435
rooted_phy/ABER-0012,tmer,0.0791579,2,13.3936,0.081068,12.2482,0.000749989,0.00449993,0.651826
rooted_phy/ABEV-0004,tmer,0.166439,2,1999.18,0.209108,13.0429,0.000502346,0.00502346,230.199
rooted_phy/ABFC-0003,tmer,0.0594958,2,34.5361,0.0618562,12.7194,0.000591345,0.00473076,1.14358
rooted_phy/ABFM-0011,tmer,0.265282,2,19.8448,0.238135,29.6337,1.21E-07,9.65E-07,2.04054
rooted_phy/ABFN-0006,tmer,0.390671,2,3333.11,0.369307,32.7499,2.53E-08,2.53E-07,188.701
rooted_phy/ABFP-0009,tmer,0.20146,2,279.742,0.199232,10.7166,0.00162499,0.014625,82.3793
rooted_phy/ABFY-0006,tmer,0.322997,2,898.13,0.226186,10.6526,0.00167844,0.0167844,56.554
rooted_phy/ABHM-0006,tmer,10,2,10000,0.0858091,13.4979,0.000399397,0.00239638,2.71711
rooted_phy/ABIQ-0003,tmer,0.0772963,2,3334.32,0.0362984,9.85298,0.00251469,0.0201175,36.0378
rooted_phy/ABKF-0001,tmer,0.197578,2,10000,0.239477,27.6899,3.20E-07,3.20E-06,115.071
rooted_phy/ABKH-0007,tmer,0.0795212,2,10000,0.0688455,12.373,0.000704221,0.00422533,3.2762
rooted_phy/ABKJ-0002,tmer,9.39E-05,2,4947.07,0.509436,11.8986,0.000894638,0.00894638,203.189
rooted_phy/ABMG-0001,tmer,0.36841,2,10000,0.168459,15.6147,0.000137552,0.00110042,330.81
rooted_phy/ABOQ-0002,tmer,0.43483,2,10000,0.0568249,10.8602,0.00151134,0.0120907,23.9255
rooted_phy/ABPD-0004,tmer,0.0812209,2,25.5997,0.109443,10.6446,0.0016852,0.016852,669.847
rooted_phy/ABPF-0001,tmer,0.0849113,2,1999.2,0.0417589,10.6726,0.00166158,0.0166158,28.8031
rooted_phy/ABPX-0002,tmer,0.0412034,2,133.857,0.0486369,10.164,0.00214866,0.0128919,0.364359
rooted_phy/ABQT-0002,tmer,0.0832158,2,10000,0.149754,10.0429,0.00228436,0.0228436,24.2503
rooted_phy/ABSE-0001,tmer,0.200362,2,18.7712,0.153326,12.004,0.000848325,0.00848325,1.65882
rooted_phy/ABSR-0002,tmer,0.343608,2,3286.02,0.343897,17.2937,5.91E-05,0.000591074,220.691
rooted_phy/ABTF-0002,tmer,0.301,2,898.249,0.0734219,9.87402,0.00248807,0.0248807,10.2493
rooted_phy/ABWG-0002,tmer,0.0935095,2,10000,0.0456995,15.9279,0.000117496,0.00117496,32.2553
rooted_phy/ABXI-0003,tmer,0.198078,2,176.766,0.140197,8.74305,0.00441115,0.0352892,0.961561
rooted_phy/ACEJ-0002,tmer,0.16273,2,31.1341,0.111476,12.7095,0.000594293,0.00237717,2.42426
rooted_phy/ACEK-0001,tmer,0.117131,2,10000,0.235523,13.0548,0.000499348,0.00449413,1955.51
rooted_phy/ACGT-0003,tmer,0.199174,2,10000,0.304341,18.6465,2.99E-05,0.000299436,565.396
rooted_phy/ACHZ-0002,tmer,1.88557,2,11.1392,0.80085,15.04,0.000183688,0.00183688,1.617
rooted_phy/ACLE-0002,tmer,0.53913,2,31.1654,0.273974,9.5871,0.00287681,0.0287681,0.60291
rooted_phy/ACPE-0001,tmer,0.0521162,2,400.055,0.00500104,11.119,0.00132611,0.011935,0.152254
rooted_phy/ACPK-0002,tmer,0.159483,2,1999.2,0.132485,18.8384,2.72E-05,0.000271908,53.7932
rooted_phy/ACQK-0001,tmer,0.152547,3,118.466,0.0885769,19.3939,2.06E-05,0.000123408,3.66116
rooted_phy/ACRS-0001,tmer,0.0411228,2,768.579,0.0489789,12.9656,0.000522323,0.00470091,28.093
rooted_phy/ACSP-0001,tmer,0.486562,2,15.5629,0.21858,11.3749,0.00116537,0.0116537,0.497417
rooted_phy/ACTU-0002,tmer,0.156035,2,1790.86,0.030303,35.4203,6.64E-09,6.64E-08,8.49036
rooted_phy/ACTX-0001,tmer,0.112952,2,10000,0.121525,18.6617,2.97E-05,0.000297158,6.08882
rooted_phy/ACTX-0002,tmer,0.108073,2,8.70592,0.135736,10.0725,0.00225047,0.0180038,0.796725
rooted_phy/ACVP-0001,tmer,0.101541,2,47.1089,0.0315781,18.1293,3.88E-05,0.000388338,0.310247
rooted_phy/ACYV-0001,tmer,0.0966407,2,138.976,0.0873576,17.9232,4.31E-05,0.000430725,2.6712
rooted_phy/ADBL-0001,tmer,0.261149,2,10000,0.109259,16.1582,0.000104638,0.00104638,61.8667
rooted_phy/ADER-0001,tmer,0.234696,2,150.981,0.0593014,15.8756,0.000120626,0.00120626,1.39319
rooted_phy/ADIZ-0002,tmer,0.0667819,2,171.195,0.0551273,9.8619,0.00250337,0.0175236,5.19242
rooted_phy/ADJN-0001,tmer,0.0901204,2,154.846,0.0454145,17.762,4.67E-05,0.000373658,1.59979
rooted_phy/ADKO-0002,tmer,0.135089,2,182.901,0.189849,12.4087,0.000691656,0.00691656,26.7754
rooted_phy/ADLV-0001,tmer,0.620038,2,40.2587,0.0694057,33.903,1.42E-08,1.42E-07,0.076505
rooted_phy/ADOG-0001,tmer,0.278114,2,3333.07,0.113259,39.2485,9.75E-10,7.80E-09,2.6789
rooted_phy/ADTS-0001,tmer,0.132398,2,18.0607,0.100001,10.6992,0.00163937,0.00983619,0.72157
rooted_phy/ADUH-0001,tmer,10,2,35.9343,0.173808,14.7231,0.000215466,0.00172373,0.570943
rooted_phy/AEOF-0001,tmer,0.141898,2,13.5975,0.152254,16.6358,8.23E-05,0.000740602,0.837161
rooted_phy/AEPY-0001,tmer,0.193678,2,22.9899,0.0392049,14.518,0.000238906,0.00238906,0.16554
rooted_phy/AETG-0001,tmer,0.19728,2,3333.11,0.0400598,12.6267,0.000619643,0.00371786,20.8656
rooted_phy/AEVC-0001,tmer,0.851925,2,35.2554,0.1456,14.0768,0.000298353,0.00238682,0.165165
rooted_phy/AFKW-0001,tmer,0.210228,2,3333.69,0.0764296,10.0502,0.00227597,0.0182077,155.064
rooted_phy/AFLD-0001,tmer,0.0441926,2,43.5152,0.0795836,10.094,0.00222606,0.0200346,1.70347
rooted_phy/AGFD-0001,tmer,9.77E-05,2,10000,0.503878,13.0303,0.000505549,0.00505549,241380
rooted_phy/AGFX-0001,tmer,10,2,112.546,0.0443549,10.0181,0.00231317,0.0231317,0.450197
rooted_phy/AGHC-0001,tmer,0.291853,2,10000,0.0410554,10.5706,0.00174944,0.0174944,30.7755
rooted_phy/AGJF-0001,tmer,0.23237,2,37.3,0.178199,44.0442,8.83E-11,7.06E-10,2.34677
rooted_phy/AGLW-0001,tmer,0.0462971,2,1088.84,0.0141641,8.78574,0.00431675,0.0431675,1.79943
rooted_phy/AGSK-0001,tmer,0.0952387,2,10000,0.164985,17.9552,4.24E-05,0.000423848,756.936
rooted_phy/AGSX-0001,tmer,0.0223981,2,10000,0.120614,9.62083,0.00282811,0.0226249,1558.26
rooted_phy/AGXJ-0001,tmer,0.0901494,2,10000,0.183708,21.3815,7.58E-06,5.31E-05,1363.45
rooted_phy/AHCP-0001,tmer,0.48543,2,50.0142,0.118491,21.5076,7.11E-06,5.69E-05,0.194173
rooted_phy/AHGQ-0001,tmer,8.90E-05,2,3333.06,0.286862,10.0702,0.00225305,0.0180244,813.43
rooted_phy/AHMQ-0001,tmer,0.280988,2,10000,0.176778,9.60314,0.00285354,0.0313889,5.11322
rooted_phy/AHOQ-0001,tmer,0.100311,2,558.121,0.0481598,8.67644,0.00456263,0.0365011,0.93308
rooted_phy/AIQZ-0001,tmer,10,2,291.074,0.132202,10.8756,0.00149958,0.0149958,0.0677283
rooted_phy/AIRW-0001,tmer,10,2,255.981,0.260073,21.284,7.96E-06,7.96E-05,0.373688
rooted_phy/AJED-0001,tmer,0.166659,2,10000,0.140556,11.6253,0.00102697,0.00821579,1323.46
rooted_phy/AJIH-0001,tmer,10,2,1355.82,0.182707,15.4746,0.000147596,0.00118076,0.0755304
rooted_phy/AJSB-0001,tmer,0.0518475,2,1999.2,0.0775876,11.5128,0.00108699,0.0086959,45.3328
rooted_phy/AJZH-0001,tmer,0.04354,2,319.121,0.0267951,9.72205,0.0026869,0.0214952,4.54878
rooted_phy/AKEO-0001,tmer,0.0429028,2,10000,0.0320763,9.07288,0.0037323,0.0298584,239.047
rooted_phy/AKHQ-0001,tmer,4.67172,2,71.4574,0.0620073,8.42689,0.00517803,0.0414242,0.119232
rooted_phy/AKMP-0001,tmer,10,2,125.959,0.169022,8.22605,0.00573333,0.0458666,0.0747648
rooted_phy/AKNV-0001,tmer,0.107058,2,10000,0.0273371,19.3725,2.08E-05,0.000166325,27.9933
rooted_phy/ALIF-0001,tmer,10,2,642.606,0.164788,9.89123,0.00246649,0.014799,0.096182
rooted_phy/ALJP-0001,tmer,0.316613,2,10000,0.175927,10.1292,0.00218676,0.0131206,132.369
rooted_phy/ALQC-0001,tmer,0.248186,2,3333.11,0.377278,11.6172,0.00103117,0.00618705,375.967
rooted_phy/ALXQ-0001,tmer,0.30557,2,1968.86,0.183932,21.935,5.74E-06,3.44E-05,59.5594
rooted_phy/ASGZ-0001,tmer,10,2,10000,0.024444,15.1089,0.000177426,0.00177426,1.14326
rooted_phy/AWFO-0001,tmer,0.15247,2,10000,0.135364,11.4461,0.00112419,0.0112419,79.2888
rooted_phy/ABDI-0007,to_mocc,2.93E-05,2,111.689,0.237846,8.46526,0.00507824,0.0457041,8.27E+06
rooted_phy/ABEM-0005,to_mocc,10,2,10000,0.00776405,9.18317,0.00352953,0.0352953,0.229695
rooted_phy/ABIO-0001,to_mocc,0.647172,2,14.5597,0.298527,17.1678,6.30E-05,0.000629731,0.362332
rooted_phy/ABND-0001,to_mocc,5.47E-05,2,71.108,0.164449,8.97017,0.00393163,0.0353847,1.61056
rooted_phy/ABPD-0004,to_mocc,1.57055,2,132.045,0.22303,8.74341,0.00441036,0.0396933,1.20195
rooted_phy/ABSY-0002,to_mocc,0.0855252,2,10000,0.0486516,14.9217,0.000194968,0.00194968,13.5675
rooted_phy/ACBO-0001,to_mocc,10,3,10000,0.196087,28.7624,1.87E-07,1.87E-06,1.94139
rooted_phy/ACJX-0001,to_mocc,0.134246,2,87.6922,0.0952733,14.7218,0.000215603,0.00194043,1.02254
rooted_phy/ACZN-0001,to_mocc,2.93E-05,2,10000,0.186174,9.29762,0.00333079,0.0433003,15.4693
rooted_phy/ADZO-0001,to_mocc,0.0675344,2,45.4616,0.0379156,13.4481,0.000409543,0.00450497,0.363132
rooted_phy/AERS-0001,to_mocc,2.38982,2,23.7995,0.314033,11.1359,0.00131487,0.0131487,0.551054
rooted_phy/AFYV-0001,to_mocc,4.78E-05,2,499.89,0.288502,14.6123,0.000227829,0.00296178,8.31604
rooted_phy/AITS-0001,to_mocc,0.158975,2,10000,0.276134,11.1741,0.0012897,0.0154764,172.918
rooted_phy/AJXP-0001,to_mocc,0.0187395,2,25.6409,0.322125,25.3343,1.04E-06,1.36E-05,0.86506
rooted_phy/AKPB-0001,to_mocc,0.165032,2,150.766,0.134597,9.95044,0.00239373,0.0239373,0.558526
rooted_phy/ABCG-0009,to_tmer,0.440805,2,61.1448,0.113417,12.1157,0.000801837,0.0064147,0.440405
rooted_phy/ABCK-0021,to_tmer,0.0421677,2,8.54549,0.0524893,10.2563,0.00205065,0.0205065,0.748285
rooted_phy/ABCO-0027,to_tmer,0.0818138,2,3333.11,0.0823916,9.13655,0.00361386,0.0325248,143.963
rooted_phy/ABDI-0007,to_tmer,8.52E-06,2,10000,0.068148,8.74509,0.0044066,0.044066,2.11261
rooted_phy/ABDR-0009,to_tmer,0.0235291,2,10000,0.0683678,8.70666,0.00449327,0.0449327,18.3416
rooted_phy/ABED-0009,to_tmer,0.133653,2,41.9473,0.0636516,11.3629,0.00117246,0.0105521,1.26653
rooted_phy/ABEI-0007,to_tmer,0.0817732,2,10000,0.0886943,15.1388,0.000174776,0.00174776,4.43381
rooted_phy/ABGN-0007,to_tmer,0.0904301,2,11.622,0.118803,14.177,0.000283677,0.00226941,0.626604
rooted_phy/ABHT-0004,to_tmer,10,2,49.2262,0.138128,13.2182,0.000459857,0.00459857,0.0783702
rooted_phy/ABHV-0008,to_tmer,0.100446,2,133.006,0.197983,12.4072,0.000692181,0.00553745,12.5499
rooted_phy/ABNC-0001,to_tmer,10,2,10000,0.0155743,10.2712,0.00203526,0.0203526,0.367107
rooted_phy/ABUC-0001,to_tmer,10,3,10000,0.0827078,9.95667,0.00238619,0.0238619,1.9
rooted_phy/ACEI-0001,to_tmer,10,2,3635.11,0.017558,10.0096,0.00232311,0.0232311,0.0332373
rooted_phy/ACGM-0001,to_tmer,10,2,10000,0.0716702,14.6183,0.000227142,0.00249856,4.96605
rooted_phy/ACGQ-0001,to_tmer,0.0693783,2,529.036,0.0166362,9.6719,0.00275596,0.0275596,0.150798
rooted_phy/ACJX-0001,to_tmer,0.0640758,2,2242.9,0.0173494,21.3049,7.88E-06,7.88E-05,5.47405
rooted_phy/ACOD-0003,to_tmer,0.0975242,2,433.909,0.0386477,9.3809,0.00319327,0.0319327,7.60949
rooted_phy/ACPI-0001,to_tmer,0.113379,2,42.0633,0.0436956,9.58932,0.00287357,0.0287357,0.122428
rooted_phy/ACTU-0002,to_tmer,0.085555,2,10000,0.0540615,23.1351,3.14E-06,2.83E-05,245.666
rooted_phy/AEDW-0001,to_tmer,2.22115,2,675.368,0.111613,9.48384,0.00303115,0.0303115,0.100979
rooted_phy/AKTB-0001,to_tmer,1.05266,2,18.1069,0.244187,10.3555,0.00195038,0.0195038,0.223716
rooted_phy/ABCG-0013,turt,0.0839232,2,665.733,0.42278,9.11648,0.00365079,0.0328571,361.607
rooted_phy/ACFX-0001,turt,0.337611,2,138.521,0.512404,8.82581,0.00422998,0.0422998,1.96751
rooted_phy/AHMN-0001,turt,10,2,234.526,0.186117,10.3652,0.00194081,0.0194081,0.186679
rooted_phy/AHNX-0001,turt,10,2,30.7957,0.51808,18.6958,2.92E-05,0.000292104,0.853374
rooted_phy/ABCD-0023,varroa,10,2,69.6801,0.159664,16.4063,9.24E-05,0.000923588,0.811941
rooted_phy/ABCD-0039,varroa,0.199545,2,2988.08,0.0803606,8.14572,0.00597184,0.035831,38.0845
rooted_phy/ABCM-0009,varroa,0.1329,2,10000,0.0333048,8.83476,0.00421082,0.0421082,22.4307
rooted_phy/ABCO-0013,varroa,0.162775,2,21.739,0.150655,11.3416,0.00118513,0.00948108,0.254893
rooted_phy/ABCQ-0029,varroa,10,2,10000,0.0684319,9.34011,0.0032599,0.0195594,0.287111
rooted_phy/ABCT-0016,varroa,0.0185406,2,10000,0.033463,12.9839,0.000517504,0.00931507,0.679644
rooted_phy/ABDV-0015,varroa,0.0962925,2,2.70837,0.152272,18.0764,3.99E-05,0.000239282,0.565051
rooted_phy/ABDW-0009,varroa,0.0746861,2,10000,0.00641362,8.28753,0.00555728,0.0444582,3.15871
rooted_phy/ABHV-0008,varroa,8.13176,2,78.1451,0.0552018,8.22802,0.00572759,0.0400931,0.11996
rooted_phy/ABHZ-0004,varroa,0.0200251,2,850.305,0.0137274,9.70117,0.00271544,0.0271544,3.37107
rooted_phy/ABIJ-0001,varroa,0.640887,2,10000,0.0685014,19.5721,1.88E-05,0.000188069,25.3014
rooted_phy/ABIJ-0005,varroa,10,3,134.321,0.0180388,13.173,0.000470465,0.00470465,0.0658453
rooted_phy/ABMD-0001,varroa,0.414748,2,10000,0.0628356,9.56167,0.00291406,0.0174844,48.9137
rooted_phy/ABMK-0003,varroa,0.316917,2,27.5261,0.252798,9.03733,0.00380011,0.0342009,1.23708
rooted_phy/ABQW-0001,varroa,0.071696,2,3333.56,0.0955284,18.132,3.88E-05,0.000387808,19.2364
rooted_phy/ABSK-0004,varroa,0.193248,2,25.7402,0.0348465,8.84906,0.00418043,0.029263,0.158732
rooted_phy/ABUM-0003,varroa,0.139289,2,69.9601,0.10134,7.89514,0.00678181,0.0474727,0.442925
rooted_phy/ACDX-0002,varroa,1.42121,2,91.0465,0.152754,7.83801,0.00698145,0.0418887,0.343058
rooted_phy/ACEI-0002,varroa,10,2,23.4154,0.089939,8.1716,0.00589393,0.0353636,0.0326427
rooted_phy/ACJO-0002,varroa,0.0801798,2,10000,0.13138,8.59971,0.00474359,0.0379488,1109.84
rooted_phy/ACKJ-0002,varroa,0.100208,2,85.1427,0.0259754,8.47613,0.00505033,0.030302,0.369755
rooted_phy/ACSB-0001,varroa,0.198852,2,1999.2,0.077219,7.4304,0.00858781,0.042939,31.7496
rooted_phy/ADBU-0001,varroa,10,2,99.9354,0.0244979,10.6659,0.00166719,0.0166719,0.0285529
rooted_phy/ADBX-0003,varroa,0.0795001,2,1864.93,0.0122045,10.1114,0.00220653,0.0154457,3.7862
rooted_phy/ADIQ-0002,varroa,10,2,17.0847,0.199926,10.7848,0.00156995,0.0125596,0.0754023
rooted_phy/ADIZ-0002,varroa,0.275127,2,191.771,0.118447,17.7896,4.61E-05,0.00036851,1.79229
rooted_phy/ADKR-0001,varroa,0.69656,2,40.6293,0.164351,9.49871,0.00300841,0.0300841,0.174229
rooted_phy/ADLR-0001,varroa,10,2,73.731,0.0325131,27.0417,4.43E-07,4.43E-06,0.0537113
rooted_phy/ADNH-0002,varroa,0.156061,2,10000,0.039075,13.3537,0.000429497,0.00429497,5.85109
rooted_phy/AGIF-0001,varroa,10,2,18.0495,0.0858379,10.8191,0.00154298,0.0154298,0.0450231
rooted_phy/AGJF-0001,varroa,0.63949,2,10000,0.0767765,24.3136,1.74E-06,1.04E-05,6.20013
rooted_phy/AHKT-0001,varroa,10,2,482.717,0.200317,11.7757,0.000951913,0.00951913,0.0891348
rooted_phy/AHXZ-0001,varroa,10,2,48.6585,0.0760544,11.0912,0.00134484,0.0107587,0.107772
rooted_phy/AJTR-0001,varroa,0.123734,2,3333.56,0.178465,9.17306,0.00354766,0.0496672,640.946
rooted_phy/ALEX-0001,varroa,0.134759,2,768.453,0.0686032,9.50717,0.00299556,0.0179734,11.3751
rooted_phy/ALID-0001,varroa,7.58117,2,29.7457,0.448094,18.6058,3.06E-05,0.000183378,0.759254
rooted_phy/ALJP-0001,varroa,0.0971943,2,207.417,0.154946,7.26677,0.00933279,0.046664,36.1056
rooted_phy/ALQF-0001,varroa,0.382573,2,3333.11,0.106987,9.12377,0.00363733,0.021824,26.1155
rooted_phy/ASKC-0001,varroa,0.384313,2,119.786,0.0726433,14.172,0.000284395,0.00255955,0.321312
rooted_phy/AWGJ-0001,varroa,0.0307694,2,814.496,0.0518947,17.21,6.16E-05,0.00049319,0.87063
rooted_phy/ABCF-0017,vdes,0.687972,2,2242.49,0.0939814,183.865,0,0,3.31642
rooted_phy/ABCF-0021,vdes,0.500463,2,10000,0.02294,68.3168,5.00E-16,4.00E-15,1.117
rooted_phy/ABCG-0004,vdes,0.949473,2,5940.43,0.0129385,14.7896,0.000208368,0.00208368,0.266759
rooted_phy/ABCI-0025,vdes,0.493893,2,10000,0.02098,13.0034,0.000512457,0.00512457,0.20952
rooted_phy/ABCI-0037,vdes,1.50312,2,10000,0.00495762,39.6427,8.00E-10,4.80E-09,0.0315458
rooted_phy/ABCI-0041,vdes,10,2,3333.19,0.0262791,83.9082,0,0,0.246699
rooted_phy/ABCK-0019,vdes,0.803083,2,10000,0.120213,104.303,0,0,10.0458
rooted_phy/ABCL-0011,vdes,10,2,10000,0.0214377,35.757,5.61E-09,5.61E-08,0.696224
rooted_phy/ABCL-0026,vdes,0.97406,2,10000,0.0122162,63.1086,6.33E-15,6.33E-14,0.0829831
rooted_phy/ABCL-0028,vdes,1.28486,2,10000,0.0205431,42.2818,2.13E-10,2.13E-09,0.651649
rooted_phy/ABCM-0003,vdes,0.843089,2,3333.11,0.0447434,138.369,0,0,0.842258
rooted_phy/ABCN-0001,vdes,0.53618,2,10000,0.0316625,72.7447,5.55E-17,5.55E-16,2.90192
rooted_phy/ABCN-0010,vdes,1.07811,2,1586.13,0.0985029,55.6546,2.64E-13,2.64E-12,0.946538
rooted_phy/ABCP-0021,vdes,0.429534,2,10000,0.0370464,81.943,0,0,4.57207
rooted_phy/ABCP-0025,vdes,0.897124,2,10000,0.0667844,16.3803,9.36E-05,0.000561453,0.587043
rooted_phy/ABCQ-0014,vdes,0.267867,2,10000,0.0148779,9.38558,0.00318573,0.0191144,0.419483
rooted_phy/ABCR-0006,vdes,0.852837,2,182.781,0.21605,37.535,2.30E-09,2.99E-08,1.93638
rooted_phy/ABCS-0013,vdes,0.445407,2,317.541,0.0154684,21.7308,6.36E-06,5.09E-05,0.0698771
rooted_phy/ABCT-0010,vdes,0.464235,2,90.819,0.0549541,43.2823,1.29E-10,1.29E-09,0.29382
rooted_phy/ABCU-0014,vdes,0.785242,2,10000,0.0841515,12.8788,0.000545669,0.00272835,2.67103
rooted_phy/ABCW-0018,vdes,0.189949,2,10000,0.00537942,11.4013,0.00114991,0.00689947,0.240931
rooted_phy/ABCW-0020,vdes,10,2,10000,0.00345312,14.8126,0.000205975,0.00123585,0.197356
rooted_phy/ABCX-0012,vdes,1.12704,2,10000,0.0476785,76.85,0,0,1.89305
rooted_phy/ABDE-0005,vdes,10,2,10000,0.0144367,25.1272,1.16E-06,1.97E-05,0.291981
rooted_phy/ABDI-0003,vdes,1.17184,2,1999.2,0.344719,15.0809,0.000179946,0.0023393,87.344
rooted_phy/ABDI-0013,vdes,10,2,10000,0.051522,27.2703,3.95E-07,3.95E-06,6.27102
rooted_phy/ABDL-0007,vdes,0.836353,2,10000,0.0118069,33.6124,1.64E-08,1.64E-07,0.332053
rooted_phy/ABDN-0011,vdes,0.657791,2,357.913,0.0399598,64.2204,3.61E-15,1.80E-14,0.304499
rooted_phy/ABDN-0016,vdes,0.0345681,2,1093.02,0.0145985,39.4892,8.64E-10,5.19E-09,0.0785312
rooted_phy/ABDU-0014,vdes,10,2,10000,0.035795,58.618,5.98E-14,3.59E-13,0.43112
rooted_phy/ABDV-0014,vdes,0.594323,2,736.654,0.0422375,201.477,0,0,0.329921
rooted_phy/ABDX-0003,vdes,2.5011,2,10000,0.245167,33.4281,1.80E-08,1.98E-07,8.25026
rooted_phy/ABDZ-0011,vdes,0.805107,2,2155.97,0.123848,95.8567,0,0,1.7175
rooted_phy/ABDZ-0016,vdes,0.602769,2,10000,0.0270679,35.7728,5.56E-09,4.45E-08,3.3595
rooted_phy/ABEC-0007,vdes,0.867982,2,635.215,0.263352,49.1547,6.83E-12,6.83E-11,1.80803
rooted_phy/ABEC-0011,vdes,0.930616,2,635.345,0.0628115,52.9656,1.01E-12,6.08E-12,0.541806
rooted_phy/ABED-0001,vdes,0.309795,2,683.653,0.00775829,47.5249,1.54E-11,1.24E-10,0.0258837
rooted_phy/ABEG-0001,vdes,0.416288,2,10000,0.0677058,55.656,2.64E-13,2.64E-12,19.9765
rooted_phy/ABEH-0002,vdes,0.789557,2,10000,0.155266,126.524,0,0,9.92503
rooted_phy/ABEI-0001,vdes,5.9932,2,10000,0.0291306,28.4134,2.22E-07,2.22E-06,0.88888
rooted_phy/ABER-0011,vdes,0.880731,2,2130.81,0.046569,108.296,0,0,0.521893
rooted_phy/ABEW-0002,vdes,0.827965,2,582.793,0.077057,72.5732,5.55E-17,5.55E-16,0.640294
rooted_phy/ABEW-0008,vdes,4.39904,2,1470.18,0.1018,50.5962,3.32E-12,3.32E-11,0.433466
rooted_phy/ABEY-0006,vdes,2.79518,2,10000,0.0413383,38.8554,1.19E-09,1.19E-08,0.711916
rooted_phy/ABEZ-0007,vdes,0.727213,2,10000,0.0186927,83.0219,0,0,1.1542
rooted_phy/ABFI-0002,vdes,0.418319,2,10000,0.0110972,59.655,3.56E-14,2.85E-13,0.302753
rooted_phy/ABFL-0001,vdes,0.650175,2,45.9462,0.0426278,8.65419,0.00461438,0.0461438,0.0334938
rooted_phy/ABFP-0009,vdes,10,2,10000,0.00766785,14.5388,0.000236414,0.00236414,0.0931139
rooted_phy/ABFV-0001,vdes,10,2,10000,0.0180114,58.245,7.21E-14,7.21E-13,0.401452
rooted_phy/ABFV-0006,vdes,0.565723,2,10000,0.0307471,91.823,0,0,0.380118
rooted_phy/ABGM-0002,vdes,0.871573,2,10000,0.0457395,128.715,0,0,6.62072
rooted_phy/ABGN-0009,vdes,2.98189,2,10000,0.0130069,30.3476,8.44E-08,5.06E-07,0.0706299
rooted_phy/ABGR-0007,vdes,0.933878,2,10000,0.116858,44.0634,8.74E-11,6.99E-10,9.47884
rooted_phy/ABGY-0001,vdes,0.666064,2,725.258,0.00826943,29.6423,1.20E-07,9.61E-07,0.017005
rooted_phy/ABHQ-0004,vdes,0.031155,2,10000,0.000462463,10.5256,0.00178966,0.0178966,0.0220889
rooted_phy/ABHX-0002,vdes,0.749214,2,10000,0.0452118,68.6384,4.44E-16,4.44E-15,1.26682
rooted_phy/ABHY-0002,vdes,10,2,10000,0.0156274,49.7437,5.09E-12,5.09E-11,0.347589
rooted_phy/ABIC-0006,vdes,0.787346,2,6173.89,0.0073039,40.9351,4.19E-10,4.61E-09,0.0609252
rooted_phy/ABIL-0001,vdes,0.614019,2,10000,0.00787185,18.226,3.70E-05,0.000369912,0.232994
rooted_phy/ABIQ-0001,vdes,0.120862,2,10000,0.0418379,17.5366,5.23E-05,0.000470815,92.2909
rooted_phy/ABKG-0001,vdes,0.997362,2,3333.11,0.0265667,118.582,0,0,0.423578
rooted_phy/ABKH-0004,vdes,1.36046,2,3588.85,0.012347,17.4562,5.45E-05,0.000435763,0.141376
rooted_phy/ABKJ-0001,vdes,0.774068,2,10000,0.0358049,72.4116,5.55E-17,5.55E-16,1.12106
rooted_phy/ABKP-0005,vdes,10,2,6211.15,0.00656539,9.02008,0.00383346,0.0230008,0.00304998
rooted_phy/ABKT-0004,vdes,0.358313,2,10000,0.132222,32.5622,2.78E-08,2.22E-07,3.05372
rooted_phy/ABLD-0002,vdes,1.143,2,10000,0.0974361,89.698,0,0,3.9231
rooted_phy/ABLV-0002,vdes,0.831863,2,10000,0.00646965,27.2047,4.08E-07,4.08E-06,0.0266643
rooted_phy/ABMC-0001,vdes,0.135359,2,3332.71,0.00831231,22.1637,5.12E-06,5.63E-05,0.0864447
rooted_phy/ABMF-0003,vdes,10,2,10000,0.0515406,123.665,0,0,1.10746
rooted_phy/ABMH-0003,vdes,0.911537,2,10000,0.102575,33.8473,1.46E-08,1.46E-07,0.774071
rooted_phy/ABMV-0001,vdes,0.923682,2,10000,0.133781,100.452,0,0,25.6979
rooted_phy/ABMX-0002,vdes,2.5493,2,1429.29,0.0516294,179.984,0,0,0.26135
rooted_phy/ABNP-0003,vdes,0.292191,2,10000,0.0106849,39.5666,8.31E-10,8.31E-09,0.289471
rooted_phy/ABNZ-0003,vdes,10,2,10000,0.0262642,33.4214,1.81E-08,1.81E-07,3.96061
rooted_phy/ABOD-0003,vdes,0.343157,2,10000,0.114148,37.3883,2.48E-09,2.48E-08,56.0579
rooted_phy/ABOM-0001,vdes,0.844369,2,10000,0.130205,81.8719,0,0,23.0198
rooted_phy/ABOW-0002,vdes,0.440224,2,10000,0.0538861,17.9648,4.22E-05,0.000379625,2.2612
rooted_phy/ABOX-0003,vdes,0.50783,2,894.684,0.0386768,43.623,1.09E-10,1.09E-09,0.427457
rooted_phy/ABPD-0002,vdes,0.0518419,2,3635.11,0.00646965,10.4918,0.00182051,0.0182051,1.45504
rooted_phy/ABPQ-0002,vdes,0.538483,2,3333.06,0.246568,21.6378,6.66E-06,6.66E-05,50.1734
rooted_phy/ABPX-0001,vdes,0.638091,2,10000,0.0184092,77.4615,0,0,0.379613
rooted_phy/ABPZ-0004,vdes,0.460535,2,1465.98,0.0750082,79.5783,0,0,2.71338
rooted_phy/ABQO-0002,vdes,0.26762,2,10000,0.00298588,26.7804,5.05E-07,5.05E-06,0.109667
rooted_phy/ABRC-0004,vdes,10,2,10000,0.0085877,37.2692,2.63E-09,1.58E-08,0.323341
rooted_phy/ABRX-0002,vdes,0.53416,2,813.338,0.0920212,87.0984,0,0,1.63991
rooted_phy/ABSF-0004,vdes,0.386103,2,10000,0.00511751,23.4894,2.63E-06,2.10E-05,0.15036
rooted_phy/ABSN-0003,vdes,0.40483,2,10000,0.00489071,23.0399,3.30E-06,2.64E-05,0.0192107
rooted_phy/ABSZ-0001,vdes,0.178423,2,10000,0.0324785,16.7701,7.69E-05,0.000769153,7.5947
rooted_phy/ABTL-0001,vdes,10,2,10000,0.0239464,18.7515,2.84E-05,0.000482886,0.0745385
rooted_phy/ABTL-0002,vdes,0.347291,2,10000,0.0506358,16.5503,8.59E-05,0.000601332,1.69666
rooted_phy/ABTV-0003,vdes,0.506124,2,205.528,0.117836,42.7893,1.65E-10,1.65E-09,1.63142
rooted_phy/ABVQ-0001,vdes,10,2,5678.9,0.0618881,95.1205,0,0,0.768511
rooted_phy/ABWH-0002,vdes,0.589929,2,1933.33,0.0674722,71.4811,1.11E-16,8.88E-16,1.70283
rooted_phy/ABWL-0002,vdes,1.63489,2,482.331,0.0169069,26.806,4.98E-07,4.98E-06,0.0449575
rooted_phy/ABXC-0001,vdes,1.52209,2,10000,0.0470385,68.1724,5.00E-16,4.00E-15,0.787637
rooted_phy/ABXD-0004,vdes,10,2,10000,0.0204823,20.9665,9.34E-06,9.34E-05,2.00122
rooted_phy/ABYC-0001,vdes,10,2,10000,0.0117488,9.08134,0.00371633,0.044596,0.010394
rooted_phy/ABYO-0002,vdes,10,2,10000,0.00888655,30.8533,6.55E-08,6.55E-07,0.0838175
rooted_phy/ABZE-0001,vdes,0.654418,2,10000,0.444966,42.4094,2.00E-10,1.60E-09,65.7256
rooted_phy/ABZE-0002,vdes,0.962051,2,908.488,0.0223166,16.4901,8.85E-05,0.000885487,0.202987
rooted_phy/ABZW-0001,vdes,1.16779,2,10000,0.00702673,9.97838,0.00236013,0.0188811,0.00879313
rooted_phy/ABZX-0002,vdes,0.145668,2,5992.32,0.00101851,17.6138,5.03E-05,0.000503216,0.0216447
rooted_phy/ACBG-0001,vdes,0.502068,2,10000,0.488158,14.6682,0.000221508,0.00221508,736.435
rooted_phy/ACBT-0002,vdes,10,2,10000,0.00134381,12.4981,0.000661175,0.00661175,0.0173077
rooted_phy/ACBW-0002,vdes,10,2,10000,0.0103116,22.7564,3.80E-06,3.04E-05,0.0421357
rooted_phy/ACDR-0002,vdes,0.596719,2,405.769,0.393024,101.531,0,0,8.80107
rooted_phy/ACDR-0003,vdes,0.562888,2,10000,0.0296486,71.2256,1.11E-16,1.11E-15,1.13683
rooted_phy/ACEH-0001,vdes,1.07549,2,10000,0.00309183,46.9368,2.07E-11,2.07E-10,0.0533445
rooted_phy/ACEJ-0002,vdes,0.459479,2,10000,0.112582,68.3318,5.00E-16,3.00E-15,15.3014
rooted_phy/ACGE-0003,vdes,0.668286,2,10000,0.0402966,114.926,0,0,1.22986
rooted_phy/ACGJ-0001,vdes,0.362909,2,10000,0.0297888,28.941,1.71E-07,1.71E-06,2.59887
rooted_phy/ACGX-0003,vdes,0.661653,2,170.195,0.176743,27.486,3.54E-07,3.54E-06,0.812098
rooted_phy/ACHP-0001,vdes,1.04542,2,1345.1,0.0304444,118.515,0,0,0.424675
rooted_phy/ACIE-0001,vdes,0.615534,2,3286.02,0.0250447,98.7157,0,0,0.424507
rooted_phy/ACIK-0002,vdes,10,2,10000,0.0121098,41.4458,3.24E-10,3.24E-09,0.885435
rooted_phy/ACIY-0002,vdes,1.15219,2,10000,0.0568181,36.9476,3.09E-09,3.09E-08,7.72127
rooted_phy/ACKM-0001,vdes,1.27952,2,10000,0.00688932,87.5915,0,0,0.195822
rooted_phy/ACLB-0003,vdes,0.731578,2,10000,0.0515408,156.849,0,0,6.38793
rooted_phy/ACMS-0001,vdes,0.025223,2,10000,0.00189433,20.9813,9.27E-06,0.000157523,0.127154
rooted_phy/ACND-0001,vdes,2.1735,2,10000,0.462729,109.088,0,0,46.7731
rooted_phy/ACNE-0003,vdes,0.381281,2,10000,0.0715172,15.4094,0.000152519,0.00122015,2.88261
rooted_phy/ACNI-0002,vdes,0.467771,2,594.499,0.0189724,42.2104,2.21E-10,1.77E-09,0.1016
rooted_phy/ACOB-0001,vdes,0.62044,2,10000,0.210968,62.8555,7.16E-15,5.73E-14,98.6596
rooted_phy/ACOE-0001,vdes,0.748467,2,1089.19,0.0634382,59.2867,4.28E-14,4.28E-13,1.91109
rooted_phy/ACPY-0002,vdes,10,2,10000,0.0222021,86.6644,0,0,0.343461
rooted_phy/ACQE-0002,vdes,0.259614,2,10000,0.0294148,25.6133,9.06E-07,9.06E-06,0.829201
rooted_phy/ACQG-0001,vdes,0.909939,2,10000,0.0722395,218.96,0,0,11.3741
rooted_phy/ACRH-0001,vdes,0.906736,2,7494.2,0.34827,120.75,0,0,92.1254
rooted_phy/ACRK-0001,vdes,0.531421,2,10000,0.0241632,198.506,0,0,1.8189
rooted_phy/ACSB-0001,vdes,1.48941,2,10000,0.0316316,254.01,0,0,0.89964
rooted_phy/ACSZ-0001,vdes,0.687215,2,10000,0.0357194,136.973,0,0,0.987425
rooted_phy/ACTB-0001,vdes,0.455636,2,391.616,0.0138234,59.2259,4.42E-14,4.42E-13,0.0689218
rooted_phy/ACTE-0001,vdes,0.685141,2,10000,0.0270878,112.678,0,0,0.866161
rooted_phy/ACTM-0001,vdes,0.485706,2,609.765,0.00210888,9.69394,0.00272539,0.0272539,0.00661024
rooted_phy/ACTZ-0002,vdes,0.338208,2,199.375,0.0137187,8.64878,0.00462705,0.0370164,0.0233726
rooted_phy/ACUS-0002,vdes,0.713234,2,10000,0.0231293,85.015,0,0,0.336128
rooted_phy/ACUZ-0002,vdes,1.89385,2,10000,0.0302126,90.8647,0,0,0.192932
rooted_phy/ACXD-0002,vdes,10,2,10000,0.00843461,12.178,0.00077703,0.00621624,0.00675249
rooted_phy/ACXR-0002,vdes,0.341967,2,1981.13,0.0083497,12.145,0.000790063,0.00395031,0.0302897
rooted_phy/ACYX-0001,vdes,10,2,10000,0.0160635,31.8752,3.92E-08,3.92E-07,0.287259
rooted_phy/ACZB-0002,vdes,0.0841441,2,10000,0.00253118,9.35324,0.00323831,0.0323831,0.107817
rooted_phy/ACZY-0001,vdes,0.333552,2,10000,0.00373549,40.937,4.19E-10,3.35E-09,0.0908932
rooted_phy/ADCZ-0002,vdes,0.346378,2,6487.08,0.0153241,21.3973,7.52E-06,4.51E-05,0.3756
rooted_phy/ADJR-0001,vdes,0.62893,2,10000,0.039387,112.52,0,0,2.26385
rooted_phy/ADJY-0001,vdes,2.21588,2,481.848,0.0105177,20.9983,9.19E-06,7.35E-05,0.0184442
rooted_phy/ADKL-0001,vdes,1.01518,2,10000,0.00904119,20.3792,1.25E-05,0.000125382,0.177655
rooted_phy/ADLJ-0001,vdes,0.565741,2,10000,0.0552564,62.7091,7.77E-15,7.77E-14,7.80381
rooted_phy/ADMP-0001,vdes,0.776386,2,10000,0.0102131,20.3061,1.30E-05,0.000143074,0.487606
rooted_phy/ADMT-0001,vdes,0.527253,2,205.212,0.238515,73.0195,5.55E-17,4.44E-16,2.98152
rooted_phy/ADNR-0001,vdes,1.23888,2,205.45,0.029163,34.3024,1.16E-08,9.30E-08,0.0289744
rooted_phy/ADUF-0001,vdes,1.53255,2,2242.24,0.109628,92.6396,0,0,1.61152
rooted_phy/ADVY-0001,vdes,0.486197,2,10000,0.00295382,16.7086,7.93E-05,0.000634644,0.0145303
rooted_phy/ADXM-0001,vdes,10,2,10000,0.00591387,16.166,0.000104231,0.000833846,0.0219194
rooted_phy/ADZI-0001,vdes,0.859885,2,10000,0.0934356,118.245,0,0,2.11826
rooted_phy/ADZJ-0001,vdes,0.712788,2,10000,0.209563,126.075,0,0,22.5174
rooted_phy/ADZV-0001,vdes,0.970902,2,10000,0.0535665,68.3396,5.00E-16,5.00E-15,1.73546
rooted_phy/AEBL-0001,vdes,1.05684,2,10000,0.0147645,60.034,2.94E-14,2.94E-13,0.218037
rooted_phy/AECH-0001,vdes,0.82318,2,2402.9,0.0161583,159.062,0,0,0.143384
rooted_phy/AEOF-0001,vdes,0.922851,2,10000,0.00992603,21.8367,6.03E-06,6.03E-05,0.180769
rooted_phy/AEQX-0001,vdes,0.904829,2,10000,0.118018,151.464,0,0,10.4645
rooted_phy/AERQ-0001,vdes,1.00673,2,10000,0.325186,63.2503,5.94E-15,5.94E-14,6.47968
rooted_phy/AERT-0001,vdes,0.668226,2,1911.13,0.00152724,12.6515,0.000611946,0.00611946,0.00382614
rooted_phy/AFBY-0001,vdes,1.13982,2,10000,0.0335239,69.4192,3.33E-16,2.66E-15,1.02158
rooted_phy/AFIC-0001,vdes,0.398972,2,361.203,0.100988,31.3383,5.13E-08,7.19E-07,1.4218
rooted_phy/AFRP-0002,vdes,2.00182,2,10000,0.0151354,77.5777,0,0,0.52142
rooted_phy/AFUO-0001,vdes,0.701542,2,1372.65,0.0667455,26.5568,5.64E-07,9.60E-06,1.24295
rooted_phy/AFVD-0001,vdes,0.737939,2,878.517,0.390463,56.5383,1.70E-13,1.70E-12,7.39261
rooted_phy/AFXK-0001,vdes,0.753706,2,10000,0.0348646,69.1698,3.33E-16,3.33E-15,0.818869
rooted_phy/AFXU-0001,vdes,2.37009,2,10000,0.045513,31.7017,4.28E-08,4.28E-07,2.41474
rooted_phy/AFZG-0001,vdes,0.179095,2,10000,0.00486207,16.3149,9.67E-05,0.000967062,0.0673942
rooted_phy/AFZP-0001,vdes,1.44415,2,10000,0.0362694,77.5614,0,0,0.429154
rooted_phy/AGDZ-0001,vdes,0.475112,2,10000,0.00435404,38.8126,1.21E-09,1.21E-08,0.0676358
rooted_phy/AGHO-0001,vdes,0.432834,2,10000,0.082585,14.2026,0.000280037,0.00280037,4.10308
rooted_phy/AGID-0001,vdes,2.84455,2,10000,0.0470817,28.4097,2.23E-07,1.78E-06,1.45615
rooted_phy/AGLI-0001,vdes,1.22801,2,10000,0.0352797,175.978,0,0,0.646361
rooted_phy/AGLR-0001,vdes,0.676301,2,10000,0.161604,149.69,0,0,6.82538
rooted_phy/AGMU-0001,vdes,0.80995,2,548.714,0.0438176,34.4037,1.10E-08,1.10E-07,0.347875
rooted_phy/AGPM-0001,vdes,0.245035,2,192.192,0.0198318,35.4009,6.70E-09,6.70E-08,0.0744973
rooted_phy/AGPO-0001,vdes,0.74997,2,10000,0.0392964,59.0675,4.78E-14,8.60E-13,1.07925
rooted_phy/AGSI-0001,vdes,10,2,10000,0.011888,43.2354,1.32E-10,7.94E-10,0.333576
rooted_phy/AGSL-0001,vdes,3.44015,2,2346.06,0.0499035,17.9984,4.15E-05,0.000331798,0.264511
rooted_phy/AGTQ-0001,vdes,0.6371,2,10000,0.150242,73.9241,5.55E-17,6.11E-16,39.7743
rooted_phy/AGTW-0001,vdes,10,2,10000,0.0102555,22.2299,4.95E-06,4.95E-05,0.0404144
rooted_phy/AGXJ-0001,vdes,10,2,3333.11,0.00661038,26.1565,6.90E-07,5.52E-06,0.0993172
rooted_phy/AHJN-0001,vdes,0.726186,2,4947.18,0.326274,144.277,0,0,89.7918
rooted_phy/AHLZ-0001,vdes,0.617212,2,10000,0.0819229,111.137,0,0,3.04243
rooted_phy/AHMX-0001,vdes,0.492352,2,10000,0.0500248,40.8993,4.26E-10,3.84E-09,7.40836
rooted_phy/AHOM-0001,vdes,2.88025,2,10000,0.0621555,96.2468,0,0,1.51978
rooted_phy/AHTG-0001,vdes,0.349087,2,10000,0.00673376,12.7872,0.000571458,0.00457166,0.0331462
rooted_phy/AHYM-0001,vdes,0.554549,2,251.185,0.0097764,18.9491,2.57E-05,0.000205756,0.014883
rooted_phy/AIQT-0001,vdes,1.04007,2,850.711,0.126686,112.558,0,0,1.20643
rooted_phy/AIQX-0001,vdes,10,2,10000,0.0397292,69.46,2.78E-16,2.78E-15,0.629323
rooted_phy/AIRX-0001,vdes,0.715122,2,10000,0.233214,297.428,0,0,12.8061
rooted_phy/AITX-0001,vdes,0.675059,2,5302.39,0.00295374,9.55057,0.00293047,0.0293047,0.0382657
rooted_phy/AJEB-0001,vdes,1.82917,2,4184.1,0.0382809,27.3959,3.71E-07,2.96E-06,0.205677
rooted_phy/AJFO-0001,vdes,1.59634,2,10000,0.0157681,75.5357,0,0,0.111451
rooted_phy/AJGE-0001,vdes,10,2,10000,0.00401717,20.3291,1.29E-05,7.71E-05,0.0422575
rooted_phy/AJGL-0001,vdes,1.45483,2,10000,0.0141188,38.6585,1.31E-09,1.05E-08,0.0506745
rooted_phy/AJHE-0001,vdes,10,2,5061.86,0.00873176,17.5567,5.18E-05,0.000310728,0.345736
rooted_phy/AJHI-0001,vdes,0.490758,2,10000,0.0519499,109.329,0,0,1.64862
rooted_phy/AJHS-0001,vdes,0.605198,2,10000,0.026104,92.1992,0,0,1.70421
rooted_phy/AJKM-0001,vdes,10,2,10000,0.00387935,11.7745,0.000952493,0.00761995,0.05087
rooted_phy/AJMN-0001,vdes,10,2,10000,0.0188862,8.70224,0.00450335,0.0360268,0.0484533
rooted_phy/AJRN-0001,vdes,0.29021,2,10000,0.00611817,14.1874,0.000282193,0.00282193,0.322315
rooted_phy/AJTF-0001,vdes,10,2,10000,0.00431094,10.2437,0.00206385,0.0165108,0.00276724
rooted_phy/AKCD-0001,vdes,1.1903,2,10000,0.207167,47.9602,1.24E-11,9.94E-11,7.307
rooted_phy/AKGE-0001,vdes,10,2,10000,0.0970685,29.5618,1.25E-07,1.13E-06,6.88965
rooted_phy/AKGU-0001,vdes,1.33574,2,376.6,0.0436366,67.244,8.33E-16,6.66E-15,0.131112
rooted_phy/AKJV-0001,vdes,0.694817,2,647.748,0.202311,74.4742,5.55E-17,4.44E-16,8.24269
rooted_phy/AKLB-0001,vdes,0.490917,2,10000,0.0037093,35.802,5.48E-09,4.38E-08,0.0951055
rooted_phy/AKNL-0001,vdes,1.36025,2,10000,0.128894,70.8023,1.11E-16,8.88E-16,1.62007
rooted_phy/AKPR-0001,vdes,1.53046,2,10000,0.045907,137.457,0,0,1.78687
rooted_phy/AKQU-0001,vdes,1.35587,2,10000,0.165835,138.476,0,0,45.9322
rooted_phy/AKYL-0001,vdes,0.255049,2,200.337,0.0338613,14.7662,0.000210836,0.00126502,0.0876108
rooted_phy/AKZQ-0001,vdes,10,2,10000,0.00408875,35.6185,6.01E-09,3.61E-08,0.0209856
rooted_phy/ALBE-0001,vdes,2.12195,2,10000,0.0503716,24.7944,1.37E-06,8.20E-06,0.308049
rooted_phy/ALCY-0001,vdes,10,2,10000,0.00442512,13.7682,0.00034855,0.0020913,0.0100516
rooted_phy/ALDU-0001,vdes,0.529784,2,410.716,0.0278927,29.5236,1.28E-07,7.65E-07,0.2333
rooted_phy/ALGF-0001,vdes,1.01723,2,10000,0.0285917,82.6037,0,0,0.698046
rooted_phy/ALGI-0001,vdes,1.00651,2,10000,0.034786,119.335,0,0,0.42612
rooted_phy/ALHI-0001,vdes,0.324197,2,1833.43,0.00771205,49.8016,4.94E-12,2.96E-11,0.116802
rooted_phy/ALHW-0001,vdes,0,2,358.114,0.000903625,9.00347,0.00386587,0.0231952,0.00260725
rooted_phy/ALIJ-0001,vdes,1.29503,2,10000,0.0610133,73.996,5.55E-17,3.33E-16,4.74467
rooted_phy/ALJT-0001,vdes,10,2,10000,0.0796112,23.07,3.25E-06,1.95E-05,0.809412
rooted_phy/ALOH-0001,vdes,0.889183,2,1780.93,0.0312888,42.8318,1.62E-10,9.72E-10,0.208198
rooted_phy/ALOS-0001,vdes,0.183536,2,10000,0.0392133,10.4893,0.00182282,0.0109369,6.00667
rooted_phy/ALVU-0001,vdes,0.176069,2,1684.8,0.0341768,64.5422,3.05E-15,1.83E-14,0.776257
rooted_phy/ALWH-0001,vdes,1.17446,2,45.5512,0.0854314,9.52203,0.00297311,0.0178387,0.199484
rooted_phy/ALXP-0001,vdes,10,2,6729.27,0.0142167,11.6442,0.00101722,0.00610329,0.0850024
rooted_phy/ALYB-0001,vdes,0.613745,2,10000,0.0226273,58.4181,6.62E-14,3.97E-13,0.214127
rooted_phy/ALZH-0001,vdes,10,2,10000,0.00428423,10.5234,0.00179166,0.0143333,0.00271742
rooted_phy/AOUB-0001,vdes,1.56664,2,614.275,0.101894,24.3796,1.68E-06,1.68E-05,0.195059
rooted_phy/ASIV-0001,vdes,1.57223,2,10000,0.0739112,127.43,0,0,0.765153
rooted_phy/AXMB-0001,vdes,1.15051,2,3333.11,0.165411,140.941,0,0,7.88539
rooted_phy/ABCD-0013,vjac,0.176448,2,10000,0.00832457,15.1668,0.000172335,0.00172335,0.72767
rooted_phy/ABCE-0010,vjac,2.38608,2,6665.21,0.159551,60.1008,2.85E-14,2.85E-13,1.8611
rooted_phy/ABCE-0017,vjac,1.26213,2,429.23,0.0318326,88.017,0,0,0.0887228
rooted_phy/ABCE-0021,vjac,0.791895,2,1584.8,0.09303,75.3416,0,0,0.971952
rooted_phy/ABCG-0012,vjac,0.584227,2,10000,0.0300879,71.2423,1.11E-16,8.88E-16,0.464784
rooted_phy/ABCH-0004,vjac,10,2,9991.73,0.00493449,47.7526,1.38E-11,2.48E-10,0.0250398
rooted_phy/ABCI-0017,vjac,0.975538,2,10000,0.0283642,106.097,0,0,0.317322
rooted_phy/ABCI-0035,vjac,0.407108,2,10000,0.00645464,41.6073,2.99E-10,5.38E-09,0.346975
rooted_phy/ABCM-0008,vjac,0.647679,2,10000,0.00817392,80.6204,0,0,0.215761
rooted_phy/ABCN-0002,vjac,0.330853,2,10000,0.00528332,21.4561,7.30E-06,5.84E-05,0.231133
rooted_phy/ABCN-0030,vjac,0.889278,2,10000,0.0362455,91.0613,0,0,3.83901
rooted_phy/ABCR-0002,vjac,0.464666,2,10000,0.0167498,54.0855,5.79E-13,5.79E-12,0.899741
rooted_phy/ABCS-0013,vjac,0.47349,2,10000,0.0138701,20.2764,1.32E-05,9.24E-05,0.116986
rooted_phy/ABCT-0007,vjac,10,2,10000,0.00442668,10.3342,0.00197149,0.0197149,0.0027362
rooted_phy/ABCT-0015,vjac,0.799433,2,10000,0.0527901,120.573,0,0,4.21328
rooted_phy/ABCU-0014,vjac,0.547212,2,10000,0.282827,32.9448,2.29E-08,1.38E-07,14.1306
rooted_phy/ABCW-0008,vjac,0.719697,2,10000,0.0135126,21.5209,7.07E-06,5.65E-05,0.235994
rooted_phy/ABCX-0004,vjac,10,2,10000,0.0079093,13.5427,0.00039048,0.00312384,0.0221949
rooted_phy/ABCY-0007,vjac,0.169805,2,10000,0.00918716,25.0452,1.21E-06,1.21E-05,0.978311
rooted_phy/ABDF-0007,vjac,0.509047,2,10000,0.00196092,19.8958,1.60E-05,0.000159843,0.0333056
rooted_phy/ABDG-0011,vjac,1.39275,2,10000,0.0483797,152.118,0,0,3.58888
rooted_phy/ABDN-0011,vjac,0.722386,2,9838.63,0.0780017,130.423,0,0,1.24982
rooted_phy/ABDN-0014,vjac,0.604916,2,10000,0.0718535,188.955,0,0,8.29308
rooted_phy/ABDP-0010,vjac,0.526237,2,10000,0.0171234,32.2675,3.22E-08,3.22E-07,0.549226
rooted_phy/ABDR-0006,vjac,0.494304,2,10000,0.00689773,31.7831,4.11E-08,4.11E-07,0.412418
rooted_phy/ABDR-0011,vjac,0.805509,2,3001.8,0.0211516,13.4862,0.000401766,0.00401766,0.0948794
rooted_phy/ABDS-0003,vjac,0.0903994,2,1929.45,0.00711881,23.8148,2.23E-06,2.23E-05,0.0871393
rooted_phy/ABDV-0010,vjac,1.06695,2,10000,0.0130175,55.578,2.74E-13,2.74E-12,0.343867
rooted_phy/ABDX-0008,vjac,0.919127,2,10000,0.17666,138.847,0,0,16.1354
rooted_phy/ABDZ-0007,vjac,0.917145,2,10000,0.0534086,58.2705,7.13E-14,7.13E-13,2.06016
rooted_phy/ABEF-0004,vjac,10,2,10000,0.100375,134.301,0,0,2.16978
rooted_phy/ABEF-0012,vjac,0.668053,2,726.104,0.0716847,54.3588,5.05E-13,5.05E-12,0.748798
rooted_phy/ABEG-0001,vjac,0.288095,2,47.3292,0.0477903,11.1061,0.00133476,0.0120128,0.134361
rooted_phy/ABEH-0013,vjac,2.37714,2,10000,0.0827374,30.6287,7.33E-08,5.86E-07,1.64608
rooted_phy/ABEI-0014,vjac,0.305494,2,10000,0.0459782,66.6758,1.05E-15,1.05E-14,15.893
rooted_phy/ABEN-0009,vjac,10,2,10000,0.0240519,68.9651,3.89E-16,4.27E-15,0.451404
rooted_phy/ABER-0003,vjac,0.352587,2,293.108,0.00255172,9.02818,0.00381777,0.0305422,0.00459452
rooted_phy/ABEV-0001,vjac,10,2,10000,0.0628697,52.085,1.58E-12,1.58E-11,1.91902
rooted_phy/ABEV-0009,vjac,1.13244,2,821.11,0.0413752,26.9278,4.69E-07,4.69E-06,0.317921
rooted_phy/ABEZ-0010,vjac,0.553415,2,10000,0.00997793,72.8274,5.55E-17,5.55E-16,0.337936
rooted_phy/ABFC-0001,vjac,0.807026,2,1896.03,0.0373459,139.197,0,0,0.39963
rooted_phy/ABFI-0004,vjac,10,2,10000,0.00372276,23.1469,3.12E-06,3.12E-05,0.0302166
rooted_phy/ABFN-0009,vjac,0.564574,2,10000,0.0687914,66.6575,1.05E-15,8.44E-15,7.41478
rooted_phy/ABFQ-0008,vjac,0.589582,2,10000,0.0127942,63.8573,4.39E-15,3.51E-14,0.303057
rooted_phy/ABFU-0006,vjac,0.947355,2,10000,0.00335772,24.4815,1.60E-06,1.60E-05,0.0194982
rooted_phy/ABFV-0006,vjac,0.710671,2,6426.16,0.012497,48.1476,1.13E-11,5.66E-11,0.255508
rooted_phy/ABFZ-0004,vjac,0.563172,2,1549.97,0.0466388,127.4,0,0,0.515492
rooted_phy/ABGM-0005,vjac,1.29073,2,2322.14,0.013142,57.8788,8.67E-14,8.67E-13,0.288639
rooted_phy/ABGR-0005,vjac,1.10759,2,10000,0.00907929,23.0537,3.27E-06,3.60E-05,0.0814525
rooted_phy/ABHG-0008,vjac,0.658434,2,875.732,0.173684,84.1715,0,0,1.87253
rooted_phy/ABHM-0005,vjac,0.615272,2,2242.24,0.104515,121.326,0,0,1.11653
rooted_phy/ABHR-0001,vjac,0.510561,2,10000,0.020982,23.8325,2.21E-06,2.21E-05,2.12718
rooted_phy/ABHW-0008,vjac,0.462973,2,10000,0.0122466,46.2987,2.85E-11,2.28E-10,0.542572
rooted_phy/ABIH-0003,vjac,0.784117,2,10000,0.19642,138.143,0,0,64.1469
rooted_phy/ABIU-0003,vjac,0.759413,2,10000,0.0583467,141.548,0,0,7.14263
rooted_phy/ABJE-0003,vjac,10,2,8108.25,0.00332734,8.66412,0.0045912,0.0275472,0.00228233
rooted_phy/ABJO-0004,vjac,0.764942,2,2603.51,0.0442341,64.4058,3.28E-15,3.28E-14,0.405114
rooted_phy/ABJR-0005,vjac,0.817857,2,10000,0.0321922,76.8658,0,0,0.813489
rooted_phy/ABJT-0004,vjac,10,2,10000,0.0215637,29.405,1.35E-07,1.35E-06,0.34774
rooted_phy/ABJW-0006,vjac,10,2,10000,0.0021169,10.333,0.00197273,0.0157818,0.00108187
rooted_phy/ABKE-0007,vjac,0.260964,2,900.086,0.0210377,45.6986,3.86E-11,3.86E-10,0.167567
rooted_phy/ABKH-0003,vjac,0.573031,2,5332.03,0.139236,76.9914,0,0,26.1154
rooted_phy/ABKW-0004,vjac,0.887481,2,7965.16,0.0160744,206.994,0,0,0.321531
rooted_phy/ABLH-0005,vjac,0.476686,2,10000,0.0146174,60.7224,2.08E-14,1.25E-13,1.58079
rooted_phy/ABLN-0004,vjac,0.41052,2,10000,0.00747496,8.36981,0.0053301,0.0319806,0.296134
rooted_phy/ABLS-0003,vjac,2.32877,2,10000,0.0835107,127.4,0,0,1.36426
rooted_phy/ABME-0001,vjac,0.928463,2,1466.65,0.101195,90.9536,0,0,1.24418
rooted_phy/ABMF-0002,vjac,0.450649,2,10000,0.0898698,53.815,6.63E-13,6.63E-12,17.9642
rooted_phy/ABMI-0002,vjac,0.929776,2,3333.13,0.270832,64.5496,3.05E-15,3.05E-14,2.84704
rooted_phy/ABMQ-0002,vjac,0.361484,2,10000,0.0260672,28.7533,1.88E-07,3.19E-06,0.886319
rooted_phy/ABNC-0004,vjac,1.36594,2,10000,0.0165917,24.8289,1.34E-06,1.34E-05,0.308104
rooted_phy/ABNM-0001,vjac,1.26388,2,682.995,0.183491,177.098,0,0,1.48602
rooted_phy/ABNZ-0005,vjac,0.660606,2,10000,0.0106168,12.5973,0.000628902,0.00377341,0.0975649
rooted_phy/ABOK-0003,vjac,0.6463,2,10000,0.0699731,33.1368,2.08E-08,1.25E-07,3.1698
rooted_phy/ABON-0001,vjac,0.465335,2,50.3482,0.207282,10.9742,0.00142674,0.0142674,1.53528
rooted_phy/ABOW-0002,vjac,0.891182,2,1033.45,0.0637247,19.3397,2.11E-05,0.000211357,0.717768
rooted_phy/ABPH-0001,vjac,10,2,853.891,0.00707933,9.53789,0.00294935,0.0294935,0.00390529
rooted_phy/ABPJ-0001,vjac,3.8784,2,3334.23,0.0647966,124.875,0,0,0.985024
rooted_phy/ABPL-0002,vjac,0.432673,2,1294.89,0.0488696,83.4689,0,0,1.7808
rooted_phy/ABPQ-0003,vjac,0.422637,2,3333.11,0.0154582,14.6703,0.00022127,0.00177016,0.307176
rooted_phy/ABPV-0001,vjac,0.297146,2,10000,0.0121531,44.3787,7.47E-11,7.47E-10,0.335537
rooted_phy/ABPW-0003,vjac,10,2,10000,0.00260836,13.0113,0.000510425,0.0040834,0.00359516
rooted_phy/ABQG-0002,vjac,10,2,10000,0.0116598,48.04,1.19E-11,1.67E-10,0.267144
rooted_phy/ABQV-0002,vjac,0.594067,2,10000,0.00246668,20.4952,1.18E-05,0.000118284,0.0633418
rooted_phy/ABRD-0004,vjac,0.875735,2,10000,0.0597194,134.266,0,0,6.31184
rooted_phy/ABRM-0001,vjac,0.361111,2,10000,0.0180043,32.5377,2.81E-08,2.81E-07,1.38475
rooted_phy/ABRW-0002,vjac,1.50099,2,10000,0.020999,68.0203,5.55E-16,6.66E-15,0.513304
rooted_phy/ABSE-0004,vjac,0.60601,2,3333.56,0.480511,28.5741,2.05E-07,1.64E-06,216.115
rooted_phy/ABSG-0002,vjac,0.450881,2,10000,0.00866672,50.0483,4.37E-12,3.49E-11,0.148247
rooted_phy/ABSK-0004,vjac,0.775933,2,10000,0.0146857,60.6554,2.16E-14,1.73E-13,0.331445
rooted_phy/ABSM-0002,vjac,10,2,10000,0.00238608,19.7588,1.71E-05,0.000136981,0.0346716
rooted_phy/ABTL-0002,vjac,1.1711,2,10000,0.158242,58.67,5.83E-14,4.66E-13,25.0451
rooted_phy/ABUM-0003,vjac,0.959219,2,1355.75,0.0194356,42.7708,1.67E-10,1.34E-09,0.181886
rooted_phy/ABUZ-0003,vjac,0.765718,2,10000,0.016599,61.2203,1.63E-14,9.79E-14,0.685595
rooted_phy/ABVO-0002,vjac,10,2,10000,0.00790523,10.3592,0.00194677,0.0194677,0.0111266
rooted_phy/ABWH-0001,vjac,0.504171,2,21.2698,0.197789,24.7103,1.43E-06,1.43E-05,0.504246
rooted_phy/ABWO-0002,vjac,1.02999,2,1404.05,0.127797,58.4434,6.53E-14,6.53E-13,0.884624
rooted_phy/ABXE-0001,vjac,0.643201,2,10000,0.063388,79.7105,0,0,6.94065
rooted_phy/ACBN-0001,vjac,0.962644,2,390.524,0.00401279,9.82386,0.002552,0.02552,0.0033965
rooted_phy/ACBP-0002,vjac,1.21199,2,10000,0.0748541,83.8021,0,0,2.98895
rooted_phy/ACBT-0001,vjac,10,2,3334.47,0.0132659,64.7486,2.78E-15,4.72E-14,0.101301
rooted_phy/ACDG-0001,vjac,0.785869,2,10000,0.0154277,100.73,0,0,0.190597
rooted_phy/ACDT-0001,vjac,0.0378073,2,10000,0.0106196,13.4366,0.000411933,0.00329546,0.0855067
rooted_phy/ACEJ-0002,vjac,3.03007,2,10000,0.119095,61.9284,1.14E-14,5.72E-14,7.60399
rooted_phy/ACEK-0001,vjac,0.662342,2,10000,0.0397505,104.6,0,0,1.50429
rooted_phy/ACEL-0002,vjac,2.4054,2,10000,0.0178444,24.5981,1.51E-06,1.96E-05,0.553935
rooted_phy/ACFW-0001,vjac,0.425941,2,10000,0.0780943,21.8789,5.90E-06,4.72E-05,4.09107
rooted_phy/ACGJ-0001,vjac,10,2,5578.3,0.0239125,28.2361,2.43E-07,2.19E-06,0.12154
rooted_phy/ACHZ-0001,vjac,0.491652,2,10000,0.0201241,34.0077,1.35E-08,1.35E-07,2.33394
rooted_phy/ACIN-0001,vjac,0.600474,2,5625.43,0.0525415,96.2804,0,0,1.22873
rooted_phy/ACIR-0002,vjac,2.18907,2,10000,0.033434,40.0303,6.59E-10,5.27E-09,0.981884
rooted_phy/ACJN-0001,vjac,0.649725,2,10000,0.0151705,40.8632,4.34E-10,4.78E-09,0.529373
rooted_phy/ACLG-0001,vjac,10,2,10000,0.00577006,10.9116,0.0014726,0.014726,0.0959039
rooted_phy/ACLI-0002,vjac,1.08851,2,10000,0.0375312,15.6958,0.000132052,0.00105642,1.65101
rooted_phy/ACLM-0002,vjac,10,2,10000,0.229474,20.3464,1.27E-05,0.000101969,0.453999
rooted_phy/ACMX-0001,vjac,1.43493,2,10000,0.0719148,68.2214,5.00E-16,5.00E-15,9.37779
rooted_phy/ACND-0001,vjac,0.107327,2,3333.11,0.0890522,23.5926,2.50E-06,2.25E-05,21.8449
rooted_phy/ACNF-0001,vjac,0.531811,2,10000,0.00338854,33.9468,1.39E-08,1.39E-07,0.0916491
rooted_phy/ACOE-0002,vjac,0.246761,2,10000,0.00294004,14.2833,0.000268883,0.00241994,0.245124
rooted_phy/ACPF-0001,vjac,0.618047,2,10000,0.0622499,147.784,0,0,2.63064
rooted_phy/ACRG-0002,vjac,0.173596,2,10000,0.00935828,30.371,8.34E-08,5.00E-07,0.267214
rooted_phy/ACRS-0001,vjac,0.692999,2,10000,0.00471288,37.0017,3.00E-09,3.00E-08,0.0929671
rooted_phy/ACRU-0001,vjac,0.964359,2,10000,0.203703,83.0772,0,0,7.86232
rooted_phy/ACSG-0001,vjac,0.621008,2,10000,0.164257,56.162,2.05E-13,1.84E-12,28.6597
rooted_phy/ACTQ-0001,vjac,0.410818,2,10000,0.0156979,53.6836,7.08E-13,7.08E-12,0.410111
rooted_phy/ACUG-0002,vjac,1.78792,2,10000,0.00946652,19.3239,2.13E-05,0.000213046,0.220162
rooted_phy/ACUO-0001,vjac,10,2,10000,0.0100754,22.4814,4.36E-06,4.36E-05,0.12761
rooted_phy/ACUX-0001,vjac,0.412696,2,10000,0.0141867,74.7607,5.55E-17,4.44E-16,0.62117
rooted_phy/ACWM-0001,vjac,0.251139,2,10000,0.00330054,21.7605,6.27E-06,5.01E-05,0.198744
rooted_phy/ACWQ-0002,vjac,0,2,1955.52,0.0216577,11.086,0.00134836,0.00809018,0.125262
rooted_phy/ACWR-0002,vjac,1.76066,2,10000,0.617774,41.5693,3.05E-10,2.44E-09,4.00348
rooted_phy/ACWX-0001,vjac,0.470359,2,10000,0.0102967,20.0472,1.48E-05,0.000118505,0.435679
rooted_phy/ACXR-0002,vjac,1.28496,2,10000,0.0100214,16.3755,9.38E-05,0.000562821,0.396833
rooted_phy/ACYJ-0001,vjac,0.71874,2,10000,0.365282,126.921,0,0,138.126
rooted_phy/ACYM-0002,vjac,0.711668,2,10000,0.121811,57.2031,1.22E-13,7.29E-13,5.72526
rooted_phy/ADBH-0002,vjac,1.22071,2,1525.32,0.0153327,88.0919,0,0,0.0762172
rooted_phy/ADBT-0003,vjac,0.45611,2,554.822,0.401968,34.0923,1.29E-08,7.75E-08,56.845
rooted_phy/ADBX-0003,vjac,0.194487,2,5992.32,0.000847471,20.1552,1.40E-05,0.00011225,0.0116096
rooted_phy/ADGN-0002,vjac,4.6898,2,10000,0.0189152,76.6857,0,0,0.49268
rooted_phy/ADHB-0001,vjac,0.494667,2,10000,0.0746806,59.9707,3.04E-14,2.43E-13,6.69718
rooted_phy/ADJT-0001,vjac,0.773948,2,10000,0.0144573,67.5912,6.66E-16,6.66E-15,0.322198
rooted_phy/ADKC-0001,vjac,0.674586,2,10000,0.375581,55.595,2.72E-13,2.17E-12,138.659
rooted_phy/ADKH-0002,vjac,0.195969,2,10000,0.00123366,17.4141,5.56E-05,0.00055637,0.0531752
rooted_phy/ADKI-0001,vjac,0.531197,2,1051.78,0.0445631,51.4807,2.13E-12,3.84E-11,0.756613
rooted_phy/ADKL-0001,vjac,0.184847,2,385.092,0.00896868,14.3075,0.000265625,0.00239063,0.0353367
rooted_phy/ADMK-0001,vjac,0.913037,2,413.301,0.0642013,84.8728,0,0,0.245579
rooted_phy/ADYS-0001,vjac,0.483512,2,10000,0.0141431,24.3904,1.67E-06,1.34E-05,0.481324
rooted_phy/ADZN-0001,vjac,1.62231,2,10000,0.0649852,68.5871,4.44E-16,7.55E-15,2.62478
rooted_phy/AEBT-0001,vjac,1.46484,2,10000,0.0307687,65.6218,1.83E-15,1.83E-14,1.12769
rooted_phy/AEDB-0002,vjac,0.712778,2,10000,0.0218943,60.8499,1.96E-14,1.18E-13,0.937162
rooted_phy/AERY-0001,vjac,1.82265,2,10000,0.0670457,154.516,0,0,1.97633
rooted_phy/AESZ-0001,vjac,0.561127,2,10000,0.0214536,50.2097,4.03E-12,4.83E-11,0.684029
rooted_phy/AEVF-0001,vjac,0.86949,2,10000,0.0142506,62.4011,8.99E-15,1.17E-13,0.366493
rooted_phy/AFLD-0001,vjac,8.42776,2,10000,0.00584846,16.606,8.35E-05,0.000835326,0.531938
rooted_phy/AFLY-0001,vjac,1.61094,2,10000,0.0116776,29.2819,1.44E-07,1.15E-06,0.28191
rooted_phy/AFTK-0001,vjac,1.39244,2,10000,0.0808878,49.3408,6.22E-12,4.98E-11,0.674651
rooted_phy/AFUM-0001,vjac,0.465558,2,10000,0.012282,17.8953,4.37E-05,0.000436797,0.654031
rooted_phy/AFWK-0001,vjac,7.07844,2,10000,0.0104257,45.9371,3.42E-11,8.21E-10,0.106357
rooted_phy/AFXL-0001,vjac,2.54821,2,10000,0.116242,61.344,1.53E-14,1.68E-13,8.06057
rooted_phy/AGBS-0001,vjac,2.40792,2,409.167,0.0164994,25.8966,7.86E-07,6.29E-06,0.036668
rooted_phy/AGDB-0001,vjac,0.695415,2,3333.18,0.0395053,70.1018,2.22E-16,2.22E-15,0.622547
rooted_phy/AGHM-0001,vjac,1.26899,2,10000,0.0164339,113.443,0,0,0.333215
rooted_phy/AGJF-0001,vjac,0.427292,2,3333.12,0.00503357,27.8872,2.90E-07,2.03E-06,0.0658421
rooted_phy/AGLJ-0001,vjac,0.495634,2,10000,0.0954254,107.054,0,0,29.6706
rooted_phy/AGLQ-0001,vjac,10,2,10000,0.0182691,28.7866,1.85E-07,2.03E-06,0.433554
rooted_phy/AGMN-0001,vjac,0.587015,2,10000,0.0144212,303.86,0,0,0.191006
rooted_phy/AGMO-0001,vjac,0.53971,2,10000,0.00772962,41.5621,3.06E-10,5.51E-09,0.127288
rooted_phy/AGNQ-0001,vjac,0.619237,2,509.269,0.0305373,63.2677,5.88E-15,5.88E-14,0.172661
rooted_phy/AGQU-0001,vjac,0.68624,2,10000,0.0840551,73.6066,5.55E-17,5.55E-16,3.37046
rooted_phy/AGTH-0001,vjac,0.300962,2,10000,0.0481275,44.5885,6.72E-11,6.72E-10,3.34135
rooted_phy/AGTI-0001,vjac,0.379903,2,668.499,0.0355729,71.7045,5.55E-17,5.55E-16,0.417991
rooted_phy/AGUZ-0001,vjac,10,2,7965.19,0.127366,86.048,0,0,8.91623
rooted_phy/AHIJ-0001,vjac,1.37811,2,10000,0.291941,31.7752,4.12E-08,3.30E-07,43.1108
rooted_phy/AHJP-0001,vjac,1.17895,2,10000,0.00846359,20.1655,1.40E-05,0.000139587,0.281396
rooted_phy/AHKZ-0001,vjac,0.536567,2,10000,0.0286037,117.822,0,0,3.52807
rooted_phy/AHLV-0001,vjac,0.477394,2,768.721,0.248219,66.3416,1.22E-15,9.77E-15,11.1996
rooted_phy/AHMU-0001,vjac,0.769804,2,850.9,0.0716458,162.779,0,0,16.1727
rooted_phy/AHMX-0001,vjac,0.696568,2,2397.31,0.140135,88.2837,0,0,1.75834
rooted_phy/AHNJ-0001,vjac,6.19381,2,10000,0.00355504,25.7319,8.54E-07,8.54E-06,0.0228424
rooted_phy/AHNQ-0001,vjac,0.56113,2,10000,0.0789515,112.109,0,0,1.48114
rooted_phy/AHOB-0001,vjac,0.661355,2,10000,0.0818121,114.346,0,0,20.6992
rooted_phy/AHOX-0001,vjac,0.47827,2,10000,0.025881,37.1235,2.83E-09,2.83E-08,0.595934
rooted_phy/AHPN-0001,vjac,0.0904704,2,10000,0.0763114,29.5982,1.23E-07,1.23E-06,23.4982
rooted_phy/AHRF-0001,vjac,0.619999,2,361.765,0.0179095,33.3338,1.89E-08,1.13E-07,0.0414053
rooted_phy/AIRE-0001,vjac,0.419392,2,10000,0.0373532,79.0334,0,0,6.83484
rooted_phy/AJFD-0001,vjac,0.791379,2,10000,0.0718127,261.164,0,0,1.94521
rooted_phy/AJGD-0001,vjac,2.15656,2,10000,0.234531,88.201,0,0,1.86403
rooted_phy/AJGV-0001,vjac,0.747459,2,2242.73,0.0264475,39.5948,8.20E-10,6.56E-09,0.158828
rooted_phy/AJHO-0002,vjac,0.349088,2,10000,0.0179422,24.4698,1.61E-06,9.65E-06,4.43089
rooted_phy/AJHZ-0001,vjac,0.621474,2,10000,0.158862,158.713,0,0,29.8999
rooted_phy/AJIP-0001,vjac,0.571708,2,10000,0.00557385,12.5601,0.000640791,0.00576712,0.376847
rooted_phy/AJLK-0001,vjac,0.635497,2,5992.32,0.0675479,143.356,0,0,1.64406
rooted_phy/AJLU-0001,vjac,0.827745,2,10000,0.0037694,18.1003,3.94E-05,0.000551646,0.0328
rooted_phy/AJMR-0001,vjac,0.591593,2,10000,0.182285,125.539,0,0,75.4832
rooted_phy/AJOQ-0001,vjac,0.452185,2,10000,0.0413604,43.4516,1.19E-10,1.66E-09,2.13103
rooted_phy/AJSC-0001,vjac,0.572109,2,10000,0.117864,91.5707,0,0,47.3105
rooted_phy/AJYD-0001,vjac,0.785224,2,10000,0.0387288,98.6426,0,0,1.51336
rooted_phy/AJYS-0001,vjac,1.11945,2,10000,0.00296976,42.3447,2.07E-10,1.65E-09,0.1091
rooted_phy/AKDX-0001,vjac,0.2628,2,10000,0.00683807,20.7791,1.03E-05,8.21E-05,1.30564
rooted_phy/AKGZ-0001,vjac,0.803593,2,10000,0.139443,64.8082,2.72E-15,2.18E-14,10.6078
rooted_phy/AKHB-0001,vjac,10,2,10000,0.00558555,9.93173,0.00241648,0.0193318,0.00592357
rooted_phy/AKHL-0001,vjac,0.365364,2,10000,0.0619277,14.2499,0.000273447,0.00218758,3.06602
rooted_phy/AKHX-0001,vjac,1.02256,2,1419.17,0.0658562,40.756,4.58E-10,3.67E-09,0.568033
rooted_phy/AKIL-0001,vjac,1.5956,2,10000,0.218845,36.8022,3.32E-09,2.66E-08,25.9614
rooted_phy/AKIS-0001,vjac,1.18531,2,10000,0.204732,52.3342,1.39E-12,1.39E-11,4.08225
rooted_phy/AKJY-0001,vjac,1.8848,2,1012.57,0.00430316,9.0772,0.00372414,0.0297931,0.00601097
rooted_phy/AKNF-0001,vjac,10,2,10000,0.0318887,75.9306,0,0,1.89982
rooted_phy/AKOF-0001,vjac,0.50873,2,10000,0.00923272,26.5616,5.63E-07,4.51E-06,0.105781
rooted_phy/AKPJ-0001,vjac,0.634987,2,10000,0.0400418,39.8763,7.12E-10,7.12E-09,0.709844
rooted_phy/AKPM-0001,vjac,0.554147,2,10000,0.00544982,46.5777,2.48E-11,1.99E-10,0.0474604
rooted_phy/AKRP-0001,vjac,0.52049,2,303.035,0.156521,11.6711,0.00100349,0.00802795,1.4272
rooted_phy/AKTR-0001,vjac,0.575333,2,10000,0.0475016,40.2923,5.78E-10,5.20E-09,0.733781
rooted_phy/AKYV-0001,vjac,1.29475,2,10000,0.00144792,26.5205,5.75E-07,3.45E-06,0.0166672
rooted_phy/AKYX-0001,vjac,0.0737584,2,632.89,0.00633986,16.8873,7.25E-05,0.000435081,0.0234048
rooted_phy/AKZY-0001,vjac,0.834814,2,6601.11,0.00602193,26.3074,6.40E-07,3.84E-06,0.0343158
rooted_phy/ALFC-0001,vjac,1.08678,2,1121.06,0.025937,55.6081,2.70E-13,1.62E-12,0.15933
rooted_phy/ALFN-0001,vjac,0.515716,2,405.297,0.0210095,19.0173,2.49E-05,0.000149118,0.0457902
rooted_phy/ALHX-0001,vjac,2.1428,2,2214.04,0.0183754,24.7357,1.41E-06,8.44E-06,0.169508
rooted_phy/ALJY-0001,vjac,2.84685,2,10000,0.0856046,72.8922,5.55E-17,3.33E-16,3.70525
rooted_phy/ALKR-0001,vjac,0.194809,2,1970.6,0.00583472,26.5013,5.80E-07,3.48E-06,0.0791902
rooted_phy/ALKS-0001,vjac,0.753838,2,10000,0.118408,49.0991,7.02E-12,4.21E-11,2.14709
rooted_phy/ALMH-0001,vjac,0.618045,2,349.921,0.112637,81.3158,0,0,1.71651
rooted_phy/ALOD-0001,vjac,2.16642,2,10000,0.0234954,71.196,1.11E-16,6.66E-16,0.516277
rooted_phy/ALOR-0001,vjac,0.861095,2,2048.98,0.0537992,322.372,0,0,0.565781
rooted_phy/ALPU-0001,vjac,0.541194,2,1012.61,0.0216186,36.2502,4.38E-09,2.63E-08,0.158015
