gene.no,pos.vj.gene.id,ortholog.vd,GenBank.accession,RefSeq.accession,chromosome,start,end,length (bp),gene.description,Keyword
111263587,LOC111263587,LOC111243523,BEIS01000001.1 ,NW_019211454.1  ,chr1,2679757,2724312,44555,ubiquitin carboxyl-terminal hydrolase 43-like,
111263915,LOC111263915,LOC111244130,BEIS01000001.1 ,NW_019211454.1  ,chr1,3400662,3403848,3186,uncharacterized LOC111244130,
111264671,LOC111264671,LOC111244042,BEIS01000001.1 ,NW_019211454.1  ,chr1,4004255,4017191,12936,serine hydrolase-like protein,
111271282,LOC111271282,LOC111243488,BEIS01000001.1 ,NW_019211454.1  ,chr1,4894710,4899660,4950,RNA pseudouridylate synthase domain-containing protein 4-like,
111267317,LOC111267317,LOC111253991,BEIS01000001.1 ,NW_019211454.1  ,chr1,6212368,6322666,110298,Down syndrome cell adhesion molecule-like protein Dscam2,
111269965,LOC111269965,LOC111243338,BEIS01000001.1 ,NW_019211454.1  ,chr1,8040102,8348742,308640,tachykinin-like peptides receptor 86C,
111273678,LOC111273678,LOC111251665,BEIS01000001.1 ,NW_019211454.1  ,chr1,9610118,9620837,10719,uncharacterized LOC111251665,
111268186,LOC111268186,LOC111253428,BEIS01000001.1 ,NW_019211454.1  ,chr1,10108384,10122950,14566,saccharopine dehydrogenase-like oxidoreductase,
111268195,LOC111268195,LOC111244559,BEIS01000001.1 ,NW_019211454.1  ,chr1,10192780,10222713,29933,amidophosphoribosyltransferase-like,
111266466,LOC111266466,LOC111255291,BEIS01000001.1 ,NW_019211454.1  ,chr1,10663677,10672126,8449,insulin-degrading enzyme-like,
111273729,LOC111273729,LOC111249712,BEIS01000001.1 ,NW_019211454.1  ,chr1,11363239,11364745,1506,"beta-1,3-galactosyltransferase 4-like",
111258837,LOC111258837,LOC111245772,BEIS01000001.1 ,NW_019211454.1  ,chr1,12133501,12180418,46917,5-hydroxytryptamine receptor-like,
111261755,LOC111261755,LOC111252973,BEIS01000001.1 ,NW_019211454.1  ,chr1,14032909,14038211,5302,putative glutathione-specific gamma-glutamylcyclotransferase 2,
111272469,LOC111272469,LOC111251758,BEIS01000001.1 ,NW_019211454.1  ,chr1,15085535,15095245,9710,translation initiation factor eIF-2B subunit gamma-like,
111263711,LOC111263711,LOC111243161,BEIS01000001.1 ,NW_019211454.1  ,chr1,17321921,17330164,8243,arylsulfatase J-like,
111272209,LOC111272209,LOC111252152,BEIS01000001.1 ,NW_019211454.1  ,chr1,18292600,18295468,2868,ubiquitin-related modifier 1-like,
111260145,LOC111260145,LOC111244613,BEIS01000001.1 ,NW_019211454.1  ,chr1,20914246,20942264,28018,sodium/potassium-transporting ATPase subunit beta-2-like,sodium channel related
111264868,LOC111264868,LOC111246786,BEIS01000001.1 ,NW_019211454.1  ,chr1,23927302,23931462,4160,serine/threonine-protein phosphatase 6 catalytic subunit-like,
111261617,LOC111261617,LOC111243229,BEIS01000001.1 ,NW_019211454.1  ,chr1,25124326,25129742,5416,probable ATP-dependent DNA helicase HFM1,
111260246,LOC111260246,LOC111255270,BEIS01000001.1 ,NW_019211454.1  ,chr1,26441495,26457485,15990,tyrosine aminotransferase-like,
111266533,LOC111266533,LOC111243188,BEIS01000001.1 ,NW_019211454.1  ,chr1,27899536,27907860,8324,carboxypeptidase O-like,
111272569,LOC111272569,LOC111246369,BEIS01000001.1 ,NW_019211454.1  ,chr1,29241012,29246745,5733,E2F-associated phosphoprotein-like,
111267160,LOC111267160,LOC111255378,BEIS01000001.1 ,NW_019211454.1  ,chr1,29522574,29531785,9211,scavenger receptor class B member 1-like,
111269455,LOC111269455,LOC111255445,BEIS01000001.1 ,NW_019211454.1  ,chr1,35958955,35998248,39293,LIM/homeobox protein Lhx3-like,
111271556,LOC111271556,LOC111243566,BEIS01000001.1 ,NW_019211454.1  ,chr1,37239253,37303101,63848,cadherin-99C-like,
111270076,LOC111270076,LOC111243246,BEIS01000001.1 ,NW_019211454.1  ,chr1,37439509,37452262,12753,probable protein phosphatase 2C T23F11.1,
111260816,LOC111260816,LOC111249725,BEIS01000001.1 ,NW_019211454.1  ,chr1,39314258,39318847,4589,replication factor C subunit 3-like,
111272656,LOC111272656,LOC111253982,BEIS01000001.1 ,NW_019211454.1  ,chr1,40427167,40435028,7861,uncharacterized LOC111253982,
111265704,LOC111265704,LOC111252580,BEIS01000001.1 ,NW_019211454.1  ,chr1,42380263,42393087,12824,"cytochrome P450 302a1, mitochondrial-like",Possible ecdysteroids pathway
111265709,LOC111265709,LOC111255616,BEIS01000001.1 ,NW_019211454.1  ,chr1,42686138,42695896,9758,microtubule-associated serine/threonine-protein kinase 3-like,
111264964,LOC111264964,LOC111255269,BEIS01000001.1 ,NW_019211454.1  ,chr1,43200907,43366049,165142,irregular chiasm C-roughest protein-like,
111264679,LOC111264679,LOC111245999,BEIS01000001.1 ,NW_019211454.1  ,chr1,43981830,43993029,11199,guanine nucleotide-binding protein G(s) subunit alpha,guanine metabolism
111266707,LOC111266707,LOC111253601,BEIS01000001.1 ,NW_019211454.1  ,chr1,44635831,44644665,8834,kinesin-like protein KIF2A,
111260751,LOC111260751,LOC111255514,BEIS01000001.1 ,NW_019211454.1  ,chr1,45537140,45544419,7279,E3 ubiquitin-protein ligase RNF25-like,
111260748,LOC111260748,LOC111255525,BEIS01000001.1 ,NW_019211454.1  ,chr1,45610487,45615917,5430,uncharacterized LOC111255525,
111267519,LOC111267519,LOC111249103,BEIS01000001.1 ,NW_019211454.1  ,chr1,53236879,53506732,269853,leucine-rich repeat-containing protein 24-like,
111266890,LOC111266890,LOC111243415,BEIS01000001.1 ,NW_019211454.1  ,chr1,54437156,54454073,16917,protein disulfide-isomerase A4-like,
111272252,LOC111272252,LOC111242973,BEIS01000001.1 ,NW_019211454.1  ,chr1,56515953,56533237,17284,uncharacterized LOC111242973,
111265817,LOC111265817,LOC111247743,BEIS01000001.1 ,NW_019211454.1  ,chr1,57970189,57991990,21801,phenazine biosynthesis-like domain-containing protein,
111267230,LOC111267230,LOC111252770,BEIS01000001.1 ,NW_019211454.1  ,chr1,59417680,59421523,3843,asparagine--tRNA ligase-like,
111271775,LOC111271775,LOC111242958,BEIS01000001.1 ,NW_019211454.1  ,chr1,62246604,62250405,3801,uncharacterized LOC111242958,
111268623,LOC111268623,LOC111245134,BEIS01000001.1 ,NW_019211454.1  ,chr1,62421014,62439436,18422,synaptotagmin-15-like,
111265913,LOC111265913,LOC111243193,BEIS01000001.1 ,NW_019211454.1  ,chr1,63615089,63637065,21976,regulator of G-protein signaling 2-like,
111260837,LOC111260837,LOC111243496,BEIS01000001.1 ,NW_019211454.1  ,chr1,65058630,65066072,7442,cytochrome P450 3A24-like,Possible ecdysteroids pathway
111268387,LOC111268387,LOC111248363,BEIS01000001.1 ,NW_019211454.1  ,chr1,66556489,66567768,11279,peptidyl-prolyl cis-trans isomerase-like 3,
111261211,LOC111261211,LOC111243113,BEIS01000001.1 ,NW_019211454.1  ,chr1,70798191,70807031,8840,Golgi-associated plant pathogenesis-related protein 1-like,
111265938,LOC111265938,LOC111246305,BEIS01000001.1 ,NW_019211454.1  ,chr1,71320791,71346240,25449,band 7 protein AGAP004871-like,
111260013,LOC111260013,LOC111244532,BEIS01000001.1 ,NW_019211454.1  ,chr1,72575733,72584963,9230,equilibrative nucleoside transporter 3-like,
111261636,LOC111261636,LOC111243318,BEIS01000001.1 ,NW_019211454.1  ,chr1,74834765,74877262,42497,otopetrin-1-like,
111262504,LOC111262504,LOC111252518,BEIS01000001.1 ,NW_019211454.1  ,chr1,76053370,76103693,50323,uncharacterized LOC111252518,
111272063,LOC111272063,LOC111244134,BEIS01000002.1 ,NW_019211455.1  ,chr2,1338499,1361979,23480,laminin subunit alpha-1-like,
111264109,LOC111264109,LOC111244838,BEIS01000002.1 ,NW_019211455.1  ,chr2,2808205,2815512,7307,eukaryotic translation initiation factor 4E-like,
111263490,LOC111263490,LOC111245958,BEIS01000002.1 ,NW_019211455.1  ,chr2,5626612,5645577,18965,ncharacterized LOC111245958,
111269094,LOC111269094,LOC111244809,BEIS01000002.1 ,NW_019211455.1  ,chr2,6271255,6319143,47888,CD151 antigen-like,
111260882,LOC111260882,LOC111245013,BEIS01000002.1 ,NW_019211455.1  ,chr2,8837411,8850949,13538,myotubularin-related protein 2-like,
111265894,LOC111265894,LOC111243725,BEIS01000002.1 ,NW_019211455.1  ,chr2,11203736,11251360,47624,lysosomal acid lipase/cholesteryl ester hydrolase-like,
111259186,LOC111259186,LOC111244992,BEIS01000002.1 ,NW_019211455.1  ,chr2,12549131,12613259,64128,glycine receptor subunit alpha-2-like,
111262694,LOC111262694,LOC111243786,BEIS01000002.1 ,NW_019211455.1  ,chr2,15102283,15124676,22393,calcitonin gene-related peptide type 1 receptor-like,
111273165,LOC111273165,LOC111244572,BEIS01000002.1 ,NW_019211455.1  ,chr2,15298040,15314979,16939,beta-glucuronidase-like,
111264421,LOC111264421,LOC111245801,BEIS01000002.1 ,NW_019211455.1  ,chr2,17672049,17688757,16708,ninjurin-2-like,
111270383,LOC111270383,LOC111245658,BEIS01000002.1 ,NW_019211455.1  ,chr2,18069936,18079401,9465,inhibitor of growth protein 3-like,
111260175,LOC111260175,LOC111243912,BEIS01000002.1 ,NW_019211455.1  ,chr2,20104851,20118948,14097,pre-mRNA-processing-splicing factor 8,
111265996,LOC111265996,LOC111245535,BEIS01000002.1 ,NW_019211455.1  ,chr2,21614064,21628420,14356,ATP-binding cassette sub-family C member Sur-like,ABC gene family
111269549,LOC111269549,LOC111246003,BEIS01000002.1 ,NW_019211455.1  ,chr2,26626457,26630612,4155,protein lifeguard 2-like,
111269673,LOC111269673,LOC111243755,BEIS01000002.1 ,NW_019211455.1  ,chr2,26900368,26920890,20522,uncharacterized LOC111243755,
111271586,LOC111271586,LOC111244359,BEIS01000002.1 ,NW_019211455.1  ,chr2,28095822,28113371,17549,galactoside 3(4)-L-fucosyltransferase-like,
111267155,LOC111267155,LOC111245857,BEIS01000002.1 ,NW_019211455.1  ,chr2,28438205,28499372,61167,protein enabled-like,
111271513,LOC111271513,LOC111245339,BEIS01000002.1 ,NW_019211455.1  ,chr2,30332943,30346976,14033,mitochondrial intermediate peptidase-like,
111267399,LOC111267399,LOC111244569,BEIS01000002.1 ,NW_019211455.1  ,chr2,30827662,30836083,8421,EH domain-containing protein 1-like,
111267468,LOC111267468,LOC111245967,BEIS01000002.1 ,NW_019211455.1  ,chr2,32399931,32406491,6560,succinate--hydroxymethylglutarate CoA-transferase-like,
111259638,LOC111259638,LOC111243954,BEIS01000002.1 ,NW_019211455.1  ,chr2,32670972,32687817,16845,KDEL motif-containing protein 1-like,
111267933,LOC111267933,LOC111245093,BEIS01000002.1 ,NW_019211455.1  ,chr2,35011463,35042750,31287,putative phosphatidate phosphatase,
111259419,LOC111259419,LOC111245989,BEIS01000002.1 ,NW_019211455.1  ,chr2,36827278,36831990,4712,cleavage and polyadenylation specificity factor subunit 2-like,
111266026,LOC111266026,LOC111244383,BEIS01000002.1 ,NW_019211455.1  ,chr2,40945931,41012527,66596,uncharacterized LOC111244383,
111268187,LOC111268187,LOC111243661,BEIS01000002.1 ,NW_019211455.1  ,chr2,47010858,47023228,12370,cyclin-dependent kinase 10-like,
111262261,LOC111262261,LOC111243689,BEIS01000002.1 ,NW_019211455.1  ,chr2,47338200,47344490,6290,uridine 5'-monophosphate synthase-like,
111266779,LOC111266779,LOC111243973,BEIS01000002.1 ,NW_019211455.1  ,chr2,47988841,48022115,33274,uncharacterized LOC111243973,
111263799,LOC111263799,LOC111243800,BEIS01000002.1 ,NW_019211455.1  ,chr2,48555553,48565736,10183,uncharacterized LOC111243800,
111266754,LOC111266754,LOC111245685,BEIS01000002.1 ,NW_019211455.1  ,chr2,48895480,48906287,10807,general transcription factor 3C polypeptide 1-like,
111260801,LOC111260801,LOC111244959,BEIS01000002.1 ,NW_019211455.1  ,chr2,49408055,49433005,24950,sodium-dependent glucose transporter 1-like,sodium channel related
111263635,LOC111263635,LOC111244411,BEIS01000002.1 ,NW_019211455.1  ,chr2,49934825,49953129,18304,choline-phosphate cytidylyltransferase A-like,
111263057,LOC111263057,LOC111244925,BEIS01000002.1 ,NW_019211455.1  ,chr2,51972902,52086884,113982,histone deacetylase 5-like,
111269554,LOC111269554,LOC111243776,BEIS01000002.1 ,NW_019211455.1  ,chr2,52525392,52538037,12645,rab3 GTPase-activating protein non-catalytic subunit-like,
111267813,LOC111267813,LOC111244710,BEIS01000002.1 ,NW_019211455.1  ,chr2,53040844,53051593,10749,uncharacterized LOC111244710,
111261377,LOC111261377,LOC111245638,BEIS01000002.1 ,NW_019211455.1  ,chr2,54490240,54495793,5553,uncharacterized LOC111245638,
111261458,LOC111261458,LOC111245711,BEIS01000002.1 ,NW_019211455.1  ,chr2,55797905,55811067,13162,stearoyl-CoA desaturase 5-like,
111266615,LOC111266615,LOC111245257,BEIS01000002.1 ,NW_019211455.1  ,chr2,56565143,56575177,10034,endoplasmic reticulum resident protein 29-like,
111260481,LOC111260481,LOC111245549,BEIS01000002.1 ,NW_019211455.1  ,chr2,58002232,58009081,6849,LIM domain only protein 3-like,
111265589,LOC111265589,LOC111245483,BEIS01000002.1 ,NW_019211455.1  ,chr2,58423317,58435727,12410,tyrosine-protein kinase RYK-like,
111268245,LOC111268245,LOC111245556,BEIS01000002.1 ,NW_019211455.1  ,chr2,58925912,58935202,9290,AFG1-like ATPase,
111273772,LOC111273772,LOC111246340,BEIS01000003.1 ,NW_019211456.1  ,chr3,596452,678364,81912,uncharacterized LOC111246340,
111264566,LOC111264566,LOC111247157,BEIS01000003.1 ,NW_019211456.1  ,chr3,903036,907466,4430,EGF-containing fibulin-like extracellular matrix protein 1,
111268107,LOC111268107,LOC111247605,BEIS01000003.1 ,NW_019211456.1  ,chr3,1331376,1344209,12833,"elongation factor G, mitochondrial-like",
111273266,LOC111273266,LOC111247738,BEIS01000003.1 ,NW_019211456.1  ,chr3,2975236,3004001,28765,nose resistant to fluoxetine protein 6-like,
111262948,LOC111262948,LOC111247862,BEIS01000003.1 ,NW_019211456.1  ,chr3,3522863,3529605,6742,leucine-rich repeat-containing protein 20-like,
111269893,LOC111269893,LOC111246672,BEIS01000003.1 ,NW_019211456.1  ,chr3,8538244,8563735,25491,P2X purinoceptor 4-like,
111263188,LOC111263188,LOC111247831,BEIS01000003.1 ,NW_019211456.1  ,chr3,10037011,10050555,13544,adipocyte plasma membrane-associated protein-like,
111270396,LOC111270396,LOC111247344,BEIS01000003.1 ,NW_019211456.1  ,chr3,10606624,10619045,12421,glutamate [NMDA] receptor subunit 1-like,
111263834,LOC111263834,LOC111247803,BEIS01000003.1 ,NW_019211456.1  ,chr3,11611797,11625471,13674,exocyst complex component 3-like,
111261315,LOC111261315,LOC111246400,BEIS01000003.1 ,NW_019211456.1  ,chr3,18299282,18308655,9373,putative ATP-dependent DNA helicase Q1,
111272081,LOC111272081,LOC111246680,BEIS01000003.1 ,NW_019211456.1  ,chr3,19607176,19628501,21325,dipeptidyl peptidase 3-like,
111260369,LOC111260369,LOC111246834,BEIS01000003.1 ,NW_019211456.1  ,chr3,20351211,20371319,20108,cytochrome b5 reductase 4-like,
111268464,LOC111268464,LOC111247395,BEIS01000003.1 ,NW_019211456.1  ,chr3,22024000,22128003,104003,cytochrome b561-like,
111268461,LOC111268461,LOC111246473,BEIS01000003.1 ,NW_019211456.1  ,chr3,22180925,22181725,800,uncharacterized LOC111246473,
111270962,LOC111270962,LOC111246567,BEIS01000003.1 ,NW_019211456.1  ,chr3,23944098,23959677,15579,neurofilament medium polypeptide-like,
111261677,LOC111261677,LOC111246525,BEIS01000003.1 ,NW_019211456.1  ,chr3,25517192,25526433,9241,ATPase WRNIP1-like,
111271033,LOC111271033,LOC111246489,BEIS01000003.1 ,NW_019211456.1  ,chr3,26850359,26856884,6525,transmembrane protein 18-like,transmembrane protein
111265870,LOC111265870,LOC111246648,BEIS01000003.1 ,NW_019211456.1  ,chr3,28412644,28427158,14514,mitogen-activated protein kinase kinase kinase 7-like,
111269069,LOC111269069,LOC111248352,BEIS01000003.1 ,NW_019211456.1  ,chr3,29862819,29881292,18473,protein Spindly-B-like,
111270552,LOC111270552,LOC111246308,BEIS01000003.1 ,NW_019211456.1  ,chr3,31999618,32039740,40122,multiple inositol polyphosphate phosphatase 1-like,
111269618,LOC111269618,LOC111246475,BEIS01000003.1 ,NW_019211456.1  ,chr3,33231126,33249343,18217,uncharacterized LOC111246475,
111269629,LOC111269629,LOC111246244,BEIS01000003.1 ,NW_019211456.1  ,chr3,33427373,33432880,5507,"selenide, water dikinase-like",
111264992,LOC111264992,LOC111248077,BEIS01000003.1 ,NW_019211456.1  ,chr3,34367200,34453372,86172,UDP-galactose transporter senju-like,
111264993,LOC111264993,LOC111247164,BEIS01000003.1 ,NW_019211456.1  ,chr3,34633318,34646424,13106,solute carrier family 15 member 4-like,
111264780,LOC111264780,LOC111248279,BEIS01000003.1 ,NW_019211456.1  ,chr3,34979934,35042028,62094,carbonic anhydrase 2-like,
111266276,LOC111266276,LOC111248417,BEIS01000003.1 ,NW_019211456.1  ,chr3,35748626,35753023,4397,uncharacterized LOC111248417,
111273153,LOC111273153,LOC111247833,BEIS01000003.1 ,NW_019211456.1  ,chr3,36858473,36875023,16550,protein argonaute-2-like,
111264891,LOC111264891,LOC111247376,BEIS01000003.1 ,NW_019211456.1  ,chr3,37408989,37418843,9854,mucolipin-3-like,
111264132,LOC111264132,LOC111247863,BEIS01000003.1 ,NW_019211456.1  ,chr3,37765586,37768751,3165,mitochondrial inner membrane protease subunit 1-like,
111267752,LOC111267752,LOC111248451,BEIS01000003.1 ,NW_019211456.1  ,chr3,40985049,40993923,8874,alpha-methylacyl-CoA racemase-like,
111272613,LOC111272613,LOC111247468,BEIS01000003.1 ,NW_019211456.1  ,chr3,51751583,51760040,8457,5-methylcytosine rRNA methyltransferase NSUN4-like,
111259170,LOC111259170,LOC111247025,BEIS01000003.1 ,NW_019211456.1  ,chr3,53529900,53658118,128218,cartilage oligomeric matrix protein-like,
111272962,LOC111272962,LOC111247361,BEIS01000003.1 ,NW_019211456.1  ,chr3,54050121,54059801,9680,androgen-dependent TFPI-regulating protein-like,
111263132,LOC111263132,LOC111246504,BEIS01000003.1 ,NW_019211456.1  ,chr3,56961194,56971345,10151,xylulose kinase-like,
111262300,LOC111262300,LOC111247810,BEIS01000003.1 ,NW_019211456.1  ,chr3,57229478,57244251,14773,uncharacterized LOC111247810,
111271815,LOC111271815,LOC111248833,BEIS01000004.1 ,NW_019211457.1  ,chr4,822007,830910,8903,inactive hydroxysteroid dehydrogenase-like protein 1,
111268472,LOC111268472,LOC111250510,BEIS01000004.1 ,NW_019211457.1  ,chr4,5730440,5758565,28125,ATP-binding cassette sub-family A member 2-like,ABC gene family
111271961,LOC111271961,LOC111250345,BEIS01000004.1 ,NW_019211457.1  ,chr4,8874057,8943327,69270,uncharacterized LOC111250345,
111258745,LOC111258745,LOC111250436,BEIS01000004.1 ,NW_019211457.1  ,chr4,9040928,9053124,12196,protein-serine O-palmitoleoyltransferase porcupine-like,
111265796,LOC111265796,LOC111250317,BEIS01000004.1 ,NW_019211457.1  ,chr4,10186838,10291689,104851,ephrin-B1-like,
111265268,LOC111265268,LOC111250016,BEIS01000004.1 ,NW_019211457.1  ,chr4,10800711,10828912,28201,ATP-dependent RNA helicase dbp2-like,
111269338,LOC111269338,LOC111249308,BEIS01000004.1 ,NW_019211457.1  ,chr4,12400272,12404721,4449,transmembrane protein 203-like,transmembrane protein
111273222,LOC111273222,LOC111248658,BEIS01000004.1 ,NW_019211457.1  ,chr4,13207083,13210622,3539,sister chromatid cohesion protein DCC1-like,
111265847,LOC111265847,LOC111249745,BEIS01000004.1 ,NW_019211457.1  ,chr4,14181162,14201976,20814,mitogen-activated protein kinase 14-like,
111267891,LOC111267891,LOC111249829,BEIS01000004.1 ,NW_019211457.1  ,chr4,14961984,14974448,12464,UDP-glucose 4-epimerase-like,
111263322,LOC111263322,LOC111249790,BEIS01000004.1 ,NW_019211457.1  ,chr4,18201003,18215488,14485,2-(3-amino-3-carboxypropyl)histidine synthase subunit 2-like,
111259697,LOC111259697,LOC111250482,BEIS01000004.1 ,NW_019211457.1  ,chr4,20914220,20958098,43878,aromatic-L-amino-acid decarboxylase-like,
111269392,LOC111269392,LOC111250301,BEIS01000004.1 ,NW_019211457.1  ,chr4,23021222,23165716,144494,excitatory amino acid transporter 3-like,
111269382,LOC111269382,LOC111250177,BEIS01000004.1 ,NW_019211457.1  ,chr4,23188564,23199473,10909,ATP-dependent RNA helicase vasa-like,
111265743,LOC111265743,LOC111249623,BEIS01000004.1 ,NW_019211457.1  ,chr4,23971204,23992409,21205,myb-related protein B-like,
111268884,LOC111268884,LOC111250369,BEIS01000004.1 ,NW_019211457.1  ,chr4,24164302,24195670,31368,core-binding factor subunit beta-like,
111269829,LOC111269829,LOC111249984,BEIS01000004.1 ,NW_019211457.1  ,chr4,27277036,27284598,7562,histone-lysine N-methyltransferase eggless-like,
111267453,LOC111267453,LOC111250397,BEIS01000004.1 ,NW_019211457.1  ,chr4,29287043,29341782,54739,guanylate cyclase 32E-like,
111264414,LOC111264414,LOC111249842,BEIS01000004.1 ,NW_019211457.1  ,chr4,33152812,33295513,142701,forkhead box protein P1-like,
111263929,LOC111263929,LOC111249123,BEIS01000004.1 ,NW_019211457.1  ,chr4,34606907,34640627,33720,alpha-actinin,
111269679,LOC111269679,LOC111249122,BEIS01000004.1 ,NW_019211457.1  ,chr4,35248881,35283682,34801,calcium-dependent secretion activator-like,
111262580,LOC111262580,LOC111249468,BEIS01000004.1 ,NW_019211457.1  ,chr4,38200562,38219519,18957,leukocyte elastase inhibitor-like,
111270040,LOC111270040,LOC111248953,BEIS01000004.1 ,NW_019211457.1  ,chr4,42646814,42683314,36500,sialin-like,
111262868,LOC111262868,LOC111249222,BEIS01000004.1 ,NW_019211457.1  ,chr4,44225173,44243761,18588,inositol hexakisphosphate and diphosphoinositol-pentakisphosphate kinase 2-like,
111263370,LOC111263370,LOC111249261,BEIS01000004.1 ,NW_019211457.1  ,chr4,48455151,48471053,15902,"probable glutamate--tRNA ligase, mitochondrial",
111262416,LOC111262416,LOC111249718,BEIS01000004.1 ,NW_019211457.1  ,chr4,50143554,50184114,40560,uncharacterized LOC111249718,
111270880,LOC111270880,LOC111249773,BEIS01000004.1 ,NW_019211457.1  ,chr4,50709349,50718521,9172,tyrosine-protein phosphatase non-receptor type 12-like,
111268065,LOC111268065,LOC111248645,BEIS01000004.1 ,NW_019211457.1  ,chr4,52841798,52847616,5818,intraflagellar transport protein 81 homolog,
111264027,LOC111264027,LOC111251007,BEIS01000005.1 ,NW_019211458.1  ,chr5,1214287,1320132,105845,calsenilin-like,
111268910,LOC111268910,LOC111252010,BEIS01000005.1 ,NW_019211458.1  ,chr5,1866602,2120815,254213,complexin-like,
111267046,LOC111267046,LOC111250630,BEIS01000005.1 ,NW_019211458.1  ,chr5,5644883,5661916,17033,R3H and coiled-coil domain-containing protein 1-like,
111270878,LOC111270878,LOC111251123,BEIS01000005.1 ,NW_019211458.1  ,chr5,7388206,7397709,9503,pituitary homeobox homolog Ptx1-like,
111260006,LOC111260006,LOC111251999,BEIS01000005.1 ,NW_019211458.1  ,chr5,8011129,8015515,4386,vitamin K epoxide reductase complex subunit 1-like,
111259499,LOC111259499,LOC111250991,BEIS01000005.1 ,NW_019211458.1  ,chr5,9192217,9199850,7633,uncharacterized LOC111250991,
111269291,LOC111269291,LOC111252022,BEIS01000005.1 ,NW_019211458.1  ,chr5,11274907,11398665,123758,RNA binding protein fox-1 homolog 2-like,
111263220,LOC111263220,LOC111251567,BEIS01000005.1 ,NW_019211458.1  ,chr5,12377078,12385635,8557,PRKCA-binding protein-like,
111273608,LOC111273608,LOC111250983,BEIS01000005.1 ,NW_019211458.1  ,chr5,14024978,14032053,7075,uncharacterized LOC111250983,
111267697,LOC111267697,LOC111251052,BEIS01000005.1 ,NW_019211458.1  ,chr5,15422001,15425621,3620,deoxyribonuclease-2-like,
111262985,LOC111262985,LOC111250665,BEIS01000005.1 ,NW_019211458.1  ,chr5,15977563,15985990,8427,kelch domain-containing protein 4-like,
111271090,LOC111271090,LOC111251989,BEIS01000005.1 ,NW_019211458.1  ,chr5,16271766,16277560,5794,"threonine--tRNA ligase, cytoplasmic-like",
111259823,LOC111259823,LOC111252026,BEIS01000005.1 ,NW_019211458.1  ,chr5,16808220,16812951,4731,carbonyl reductase [NADPH] 1-like,
111266205,LOC111266205,LOC111251882,BEIS01000005.1 ,NW_019211458.1  ,chr5,21410138,21551323,141185,octopamine receptor beta-2R-like,
111264584,LOC111264584,LOC111251321,BEIS01000005.1 ,NW_019211458.1  ,chr5,23627047,23676150,49103,"protein Skeletor, isoforms B/C-like",
111272478,LOC111272478,LOC111251345,BEIS01000005.1 ,NW_019211458.1  ,chr5,26046145,26055206,9061,uncharacterized LOC111251345,
111271056,LOC111271056,LOC111251702,BEIS01000005.1 ,NW_019211458.1  ,chr5,26733881,27062485,328604,inactive dipeptidyl peptidase 10-like,
111270224,LOC111270224,LOC111250945,BEIS01000005.1 ,NW_019211458.1  ,chr5,27576998,27605283,28285,calpain-C-like,
111263430,LOC111263430,LOC111251638,BEIS01000005.1 ,NW_019211458.1  ,chr5,29273655,29302303,28648,rho-associated protein kinase 1-like,
111265553,LOC111265553,LOC111251527,BEIS01000005.1 ,NW_019211458.1  ,chr5,30860105,30877516,17411,helicase POLQ-like,
111259503,LOC111259503,LOC111252014,BEIS01000005.1 ,NW_019211458.1  ,chr5,31846057,31864007,17950,clusterin-associated protein 1 homolog,
111266397,LOC111266397,LOC111250761,BEIS01000005.1 ,NW_019211458.1  ,chr5,33496006,33507595,11589,solute carrier family 25 member 35-like,
111269112,LOC111269112,LOC111251059,BEIS01000005.1 ,NW_019211458.1  ,chr5,33939482,33954347,14865,glutamate-gated chloride channel subunit beta-like,
111261537,LOC111261537,LOC111250832,BEIS01000005.1 ,NW_019211458.1  ,chr5,39332769,39339722,6953,elongation factor 1-delta-like,
111270763,LOC111270763,LOC111251785,BEIS01000005.1 ,NW_019211458.1  ,chr5,41640198,41651105,10907,mediator of RNA polymerase II transcription subunit 16-like,
111263722,LOC111263722,LOC111252936,BEIS01000006.1 ,NW_019211459.1  ,chr6,3981972,4003218,21246,POU domain protein 2-like,
111265904,LOC111265904,LOC111252617,BEIS01000006.1 ,NW_019211459.1  ,chr6,4188617,4195119,6502,uncharacterized LOC111252617,
111272043,LOC111272043,LOC111253278,BEIS01000006.1 ,NW_019211459.1  ,chr6,5473540,5501908,28368,SKI family transcriptional corepressor 1 homolog-B-like,
111266660,LOC111266660,LOC111252631,BEIS01000006.1 ,NW_019211459.1  ,chr6,8775047,8796239,21192,kinase suppressor of Ras 2-like,
111267073,LOC111267073,LOC111253344,BEIS01000006.1 ,NW_019211459.1  ,chr6,11786431,11805433,19002,von Willebrand factor A domain-containing protein 8-like,
111259917,LOC111259917,LOC111252961,BEIS01000006.1 ,NW_019211459.1  ,chr6,12165463,12179724,14261,transcription initiation factor IIA subunit 1-like,
111273224,LOC111273224,LOC111252609,BEIS01000006.1 ,NW_019211459.1  ,chr6,15844330,15847196,2866,uncharacterized LOC111252609,
111271909,LOC111271909,LOC111252880,BEIS01000006.1 ,NW_019211459.1  ,chr6,16776285,16791126,14841,"thioredoxin reductase 2, mitochondrial-like",
111271588,LOC111271588,LOC111252465,BEIS01000006.1 ,NW_019211459.1  ,chr6,21079121,21086646,7525,uncharacterized LOC111252465,
111271433,LOC111271433,LOC111253188,BEIS01000006.1 ,NW_019211459.1  ,chr6,24092616,24112577,19961,"cytochrome P450 315a1, mitochondrial-like",Possible ecdysteroids pathway
111266369,LOC111266369,LOC111253463,BEIS01000006.1 ,NW_019211459.1  ,chr6,25684885,25744470,59585,E3 ubiquitin-protein ligase AMFR-like,
111270476,LOC111270476,LOC111252735,BEIS01000006.1 ,NW_019211459.1  ,chr6,26475890,26483061,7171,transcription factor SPT20 homolog,
111263042,LOC111263042,LOC111252781,BEIS01000006.1 ,NW_019211459.1  ,chr6,27230423,27238868,8445,peptidyl-prolyl cis-trans isomerase B-like,
111269720,LOC111269720,LOC111253385,BEIS01000006.1 ,NW_019211459.1  ,chr6,27548034,27559442,11408,uncharacterized LOC111253385,
111265460,LOC111265460,LOC111252835,BEIS01000006.1 ,NW_019211459.1  ,chr6,27634231,27650524,16293,transcription factor E2F6-like,
111265488,LOC111265488,LOC111252846,BEIS01000006.1 ,NW_019211459.1  ,chr6,28043415,28050001,6586,transmembrane emp24 domain-containing protein 1-like,transmembrane protein
111266022,LOC111266022,LOC111252810,BEIS01000006.1 ,NW_019211459.1  ,chr6,28382498,28401722,19224,transcription factor Sp3-like,
111267228,LOC111267228,LOC111254917,BEIS01000007.1 ,NW_019211460.1  ,chr7,841062,876331,35269,unconventional myosin-IXb-like,
111259970,LOC111259970,LOC111254204,BEIS01000007.1 ,NW_019211460.1  ,chr7,1302473,1312829,10356,uncharacterized LOC111254204,
111259404,LOC111259404,LOC111253932,BEIS01000007.1 ,NW_019211460.1  ,chr7,1573298,1606636,33338,glutathione S-transferase 4-like,Glutathione-S-transferase 
111265798,LOC111265798,LOC111253737,BEIS01000007.1 ,NW_019211460.1  ,chr7,1934175,1946858,12683,PQ-loop repeat-containing protein 1-like,
111262019,LOC111262019,LOC111254555,BEIS01000007.1 ,NW_019211460.1  ,chr7,3046057,3055454,9397,histone H4 transcription factor-like,
111259329,LOC111259329,LOC111254608,BEIS01000007.1 ,NW_019211460.1  ,chr7,6785033,6796648,11615,adenosine kinase 2-like,
111259328,LOC111259328,LOC111254607,BEIS01000007.1 ,NW_019211460.1  ,chr7,6809076,6829844,20768,putative phosphoenolpyruvate synthase,
111263400,LOC111263400,LOC111254898,BEIS01000007.1 ,NW_019211460.1  ,chr7,7443693,7479954,36261,tubulin alpha-1A chain-like,
111271837,LOC111271837,LOC111254118,BEIS01000007.1 ,NW_019211460.1  ,chr7,13104336,13138222,33886,plexin-B-like,
111263102,LOC111263102,LOC111254721,BEIS01000007.1 ,NW_019211460.1  ,chr7,15440310,15461096,20786,sn1-specific diacylglycerol lipase beta-like,
111263878,LOC111263878,LOC111254658,BEIS01000007.1 ,NW_019211460.1  ,chr7,21604654,21610190,5536,methyltransferase-like protein 7A,
111259414,LOC111259414,LOC111253852,BEIS01000007.1 ,NW_019211460.1  ,chr7,21674579,21683171,8592,uncharacterized aarF domain-containing protein kinase 1-like,
111270001,LOC111270001,LOC111254289,BEIS01000007.1 ,NW_019211460.1  ,chr7,22405042,22418227,13185,probable ATP-dependent RNA helicase ddx17,
111261985,LOC111261985,LOC111254304,BEIS01000007.1 ,NW_019211460.1  ,chr7,23515242,23516498,1256,"iron-sulfur cluster assembly 2 homolog, mitochondrial-like",
111260958,LOC111260958,LOC111255035,BEIS01000007.1 ,NW_019211460.1  ,chr7,24535166,25093437,558271,uncharacterized LOC111255035,
111262363,LOC111262363,LOC111254694,BEIS01000007.1 ,NW_019211460.1  ,chr7,26849315,26854437,5122,histone-lysine N-methyltransferase ASH1L-like,
111271163,LOC111271163,LOC111253758,BEIS01000007.1 ,NW_019211460.1  ,chr7,28253397,28303655,50258,transmembrane protein 131-like,transmembrane protein
111260692,LOC111260692,LOC111254858,BEIS01000007.1 ,NW_019211460.1  ,chr7,30359285,30370075,10790,F-box/LRR-repeat protein 7-like,
111260683,LOC111260683,LOC111254910,BEIS01000007.1 ,NW_019211460.1  ,chr7,30381018,30422916,41898,"carnitine O-palmitoyltransferase 1, muscle isoform-like",
111260684,LOC111260684,LOC111255009,BEIS01000007.1 ,NW_019211460.1  ,chr7,30430394,30444384,13990,double-stranded RNA-specific editase 1-like,
111261900,LOC111261900,LOC111254481,BEIS01000007.1 ,NW_019211460.1  ,chr7,31720288,31748325,28037,bone morphogenetic protein 2-B-like,
111273642,LOC111273642,LOC111253639,BEIS01000007.1 ,NW_019211460.1  ,chr7,32963671,32975473,11802,peroxisomal N(1)-acetyl-spermine/spermidine oxidase-like,
111260991,LOC111260991,LOC111254876,BEIS01000007.1 ,NW_019211460.1  ,chr7,33105027,33141140,36113,uncharacterized LOC111254876,
111268754,LOC111268754,LOC111254880,BEIS01000007.1 ,NW_019211460.1  ,chr7,34719491,34730287,10796,DDB1- and CUL4-associated factor 11-like,
111258947,LOC111258947,LOC111253817,BEIS01000007.1 ,NW_019211460.1  ,chr7,35160759,35190366,29607,hexokinase-2-like,
111262775,LOC111262775,LOC111254182,BEIS01000007.1 ,NW_019211460.1  ,chr7,36827926,36841141,13215,lupus La protein homolog B-like,
111262953,LOC111262953,LOC111254503,BEIS01000007.1 ,NW_019211460.1  ,chr7,36888320,36893443,5123,protein HEXIM1-like,
111259744,LOC111259744,LOC111254646,BEIS01000007.1 ,NW_019211460.1  ,chr7,37802607,37804831,2224,ragulator complex protein LAMTOR4-like,
111263618,LOC111263618,LOC111253726,BEIS01000007.1 ,NW_019211460.1  ,chr7,38318324,38323882,5558,"isoleucine--tRNA ligase, mitochondrial-like",
111259625,LOC111259625,LOC111255226,BEIS01001305.1 ,,BEIS01001305.1 ,32606,70059,37453,uncharacterized LOC111255226,
